Carimbo de data/hora,"TIPO DE SERVI
",CHASSI/PLACA,DATA DA REALIZAﾃﾃグ DO SERVIﾃ⑯,OBSERVAﾃﾃ髭S,SETOR,Mﾃ慨
09/01/2025 14:09:54,VITRICAﾃﾃグ,uumamrk2828w8,09/01/2025,,,janeiro
23/01/2025 11:13:21,"VEICULO NOVO  (VN), VITRICAﾃﾃグ",Sb069986,,,,dezembro
23/01/2025 14:40:37,VEICULO NOVO  (VN),046046,,,,dezembro
23/01/2025 14:40:53,VEICULO NOVO  (VN),048060,,,,dezembro
23/01/2025 14:44:16,"VEICULO NOVO  (VN), VITRICAﾃﾃグ",74333,,,,dezembro
24/01/2025 09:17:46,"VEICULO NOVO  (VN), VITRICAﾃﾃグ",045018,,,,dezembro
24/01/2025 09:18:06,VEICULO NOVO  (VN),046586,,,,dezembro
24/01/2025 09:18:47,VEICULO USADO  (VU),Ths4i58,,,,dezembro
24/01/2025 10:21:42,CARRO DE OFICINA (CT),Sbd4e69,,,,dezembro
24/01/2025 10:49:12,VEICULO NOVO  (VN),033668,,,,dezembro
24/01/2025 13:18:40,CARRO DE OFICINA (CT),Sat6j92,,,,dezembro
24/01/2025 14:41:59,CARRO DE OFICINA (CT),SAX4D43,,,,dezembro
24/01/2025 16:54:27,CARRO DE OFICINA (CT),Rlz3e36,,,,dezembro
27/01/2025 10:10:45,VEICULO NOVO  (VN),72589,,,,dezembro
27/01/2025 10:11:11,VEICULO USADO  (VU),SBA2G22,,,,dezembro
27/01/2025 11:43:55,VEICULO NOVO  (VN),46410,,,,dezembro
27/01/2025 11:44:10,VEICULO NOVO  (VN),047737,,,,dezembro
27/01/2025 11:44:37,KIT CONSERVAﾃﾃグ,sbt4c56,,,,dezembro
27/01/2025 16:02:04,VEICULO USADO  (VU),Scq5b41,,,,dezembro
27/01/2025 16:02:46,VEICULO USADO  (VU),Rbk0h64,,,,dezembro
27/01/2025 16:34:31,VEICULO USADO  (VU),Png0a55,,,,dezembro
28/01/2025 11:26:05,VEICULO NOVO  (VN),048723,,,,dezembro
28/01/2025 11:27:30,KIT CONSERVAﾃﾃグ,Rik7d08,,,,dezembro
28/01/2025 11:28:06,KIT CONSERVAﾃﾃグ,Sbd6a97,,,,dezembro
28/01/2025 11:28:46,VITRICAﾃﾃグ,Thax8h09,,,,dezembro
28/01/2025 13:32:22,KIT CONSERVAﾃﾃグ,Rik7d08,,,,dezembro
28/01/2025 13:33:57,VEICULO NOVO  (VN),047612,,,,dezembro
28/01/2025 13:34:25,KIT CONSERVAﾃﾃグ,Ths0c78,,,,dezembro
28/01/2025 13:42:14,CARRO DE OFICINA (CT),Tib6j48,,,,dezembro
29/01/2025 11:07:39,VEICULO NOVO  (VN),48139,,,,dezembro
29/01/2025 11:08:13,VEICULO NOVO  (VN),48319,,,,dezembro
29/01/2025 11:08:46,KIT CONSERVAﾃﾃグ,Sbt6d35,,,,dezembro
30/01/2025 09:21:21,VEICULO NOVO  (VN),33212,,,,dezembro
30/01/2025 09:21:45,CARRO DE OFICINA (CT),SAW4D74,,,,dezembro
30/01/2025 10:14:34,CARRO DE OFICINA (CT),SBO9A89,,,,dezembro
30/01/2025 10:39:48,KIT CONSERVAﾃﾃグ,Rik0j93,,,,dezembro
30/01/2025 14:17:40,CARRO DE OFICINA (CT),Sbe4c71,,,,dezembro
30/01/2025 14:18:15,VITRICAﾃﾃグ,Sbt0i191,,,,dezembro
30/01/2025 15:22:58,VEICULO NOVO  (VN),34237,,,,dezembro
30/01/2025 16:55:38,VEICULO NOVO  (VN),77300,,,,dezembro
30/01/2025 16:56:02,VEICULO USADO  (VU),Sbt0j25,,,,dezembro
31/01/2025 11:51:15,"VEICULO NOVO  (VN), VITRICAﾃﾃグ",47316,,,,dezembro
31/01/2025 11:52:02,VEICULO NOVO  (VN),49295,,,,dezembro
31/01/2025 11:52:57,CARRO DE OFICINA (CT),SBQ6J72,,,,dezembro
31/01/2025 15:14:35,"CARRO DE OFICINA (CT), KIT CONSERVAﾃﾃグ",Sbv2d99,,,,dezembro
31/01/2025 15:15:12,"CARRO DE OFICINA (CT), KIT CONSERVAﾃﾃグ",Powog66,,,,dezembro
03/02/2025 15:28:49,VEICULO USADO  (VU),POM5H75,,,,dezembro
03/02/2025 15:30:02,"VEICULO NOVO  (VN), POLIMENTO",Ja tinha sido lavado..e foi lavado de novo(pintura),,,,dezembro
03/02/2025 17:07:45,"VEICULO USADO  (VU), KIT CONSERVAﾃﾃグ",Scp8f52,,,,dezembro
03/02/2025 17:09:45,VEICULO NOVO  (VN),7737,,,,dezembro
04/02/2025 09:32:44,VEICULO USADO  (VU),Rig3h84,,,,dezembro
04/02/2025 09:33:59,VEICULO NOVO  (VN),75320,,,,dezembro
04/02/2025 09:34:41,VEICULO NOVO  (VN),78282,,,,dezembro
04/02/2025 10:14:32,"VEICULO USADO  (VU), CARRO DE OFICINA (CT)",SBV0E66...MANUTENﾃﾃグ DA VITRIFICAﾃﾃグ ,,,,dezembro
04/02/2025 11:48:45,VEICULO NOVO  (VN),049094,,,,dezembro
04/02/2025 13:35:42,VEICULO NOVO  (VN),49090,,,,dezembro
04/02/2025 14:41:08,VEICULO USADO  (VU),Rbl7i40,,,,dezembro
04/02/2025 14:42:27,CARRO DE OFICINA (CT),Thn9j48,,,,dezembro
04/02/2025 15:17:08,VEICULO USADO  (VU),Pow1d02,,,,dezembro
04/02/2025 15:53:45,VEICULO USADO  (VU),Rii9g70,,,,dezembro
04/02/2025 17:04:10,VEICULO USADO  (VU),RiE3F72,,,,dezembro
05/02/2025 09:57:30,"VEICULO USADO  (VU), KIT CONSERVAﾃﾃグ",SBA3E46,,,,dezembro
05/02/2025 11:43:30,VEICULO NOVO  (VN),036272,,,,dezembro
05/02/2025 11:43:57,VEICULO NOVO  (VN),047619,,,,dezembro
05/02/2025 11:44:14,VEICULO NOVO  (VN),046067,,,,dezembro
05/02/2025 14:57:03,VEICULO USADO  (VU),RIJ4F51 MANUTENﾃﾃグ ,,,,dezembro
05/02/2025 14:58:12,"VEICULO USADO  (VU), CARRO DE OFICINA (CT), POLIMENTO",SAP6H71,,,,dezembro
05/02/2025 14:59:06,VEICULO USADO  (VU),SAP6H61 (CORRIGINDO),,,,dezembro
05/02/2025 16:21:56,VEICULO NOVO  (VN),48283,,,,dezembro
06/02/2025 09:20:59,VEICULO NOVO  (VN),49295,,,,dezembro
06/02/2025 09:21:27,VEICULO USADO  (VU),SAQ5A06,,,,dezembro
06/02/2025 10:48:36,VEICULO NOVO  (VN),049082,,,,dezembro
06/02/2025 10:48:54,VEICULO NOVO  (VN),049770,,,,dezembro
06/02/2025 11:56:58,"VEICULO NOVO  (VN), VITRICAﾃﾃグ",048743,,,,dezembro
06/02/2025 11:57:25,"VEICULO USADO  (VU), CARRO DE OFICINA (CT), KIT CONSERVAﾃﾃグ",Sar4a86,,,,dezembro
06/02/2025 14:47:31,VEICULO USADO  (VU),Ost0808,,,,dezembro
06/02/2025 16:01:46,VEICULO USADO  (VU),SAT2F41,,,,dezembro
06/02/2025 16:02:30,VEICULO NOVO  (VN),48333,,,,dezembro
06/02/2025 16:03:25,"VEICULO USADO  (VU), CARRO DE OFICINA (CT)",Ths9f28,,,,dezembro
07/02/2025 08:57:07,VEICULO NOVO  (VN),48349,,,,dezembro
07/02/2025 10:40:09,VEICULO USADO  (VU),THX8H48,,,,dezembro
07/02/2025 10:40:40,VEICULO NOVO  (VN),48724,,,,dezembro
07/02/2025 10:40:59,VEICULO NOVO  (VN),49548,,,,dezembro
07/02/2025 15:52:30,VEICULO NOVO  (VN),075147,,,,dezembro
07/02/2025 15:52:50,VEICULO NOVO  (VN),048551,,,,dezembro
07/02/2025 15:53:06,VEICULO NOVO  (VN),049074,,,,dezembro
07/02/2025 15:53:47,"VEICULO USADO  (VU), VITRICAﾃﾃグ",TGQ5D29,,,,dezembro
07/02/2025 15:55:29,VEICULO NOVO  (VN),074602,,,,dezembro
10/02/2025 09:10:36,VEICULO NOVO  (VN),74332,,,,dezembro
10/02/2025 16:01:19,VEICULO USADO  (VU),SBV2D99,,,,dezembro
10/02/2025 16:01:48,"VEICULO NOVO  (VN), VITRICAﾃﾃグ",050986,,,,dezembro
10/02/2025 16:04:05,VEICULO NOVO  (VN),49145,,,,dezembro
10/02/2025 16:04:25,VEICULO NOVO  (VN),47768,,,,dezembro
10/02/2025 16:04:49,VEICULO NOVO  (VN),28733,,,,dezembro
10/02/2025 16:23:43,VEICULO USADO  (VU),PMC9926,,,,dezembro
11/02/2025 10:20:01,VEICULO NOVO  (VN),34255,,,,dezembro
11/02/2025 10:21:05,VEICULO NOVO  (VN),49415,,,,dezembro
11/02/2025 10:22:02,VEICULO NOVO  (VN),28733,,,,dezembro
11/02/2025 10:22:56,VEICULO NOVO  (VN),048650,,,,dezembro
11/02/2025 10:24:20,"VEICULO USADO  (VU), CARRO DE OFICINA (CT)",SBE1D04 MANUTENﾃﾃグ DA VITRIFICAﾃﾃグ ,,,,dezembro
11/02/2025 14:01:54,VEICULO NOVO  (VN),74525,,,,dezembro
11/02/2025 14:02:24,VEICULO NOVO  (VN),049398,,,,dezembro
11/02/2025 14:03:00,VEICULO NOVO  (VN),49867,,,,dezembro
11/02/2025 15:50:45,"VEICULO USADO  (VU), CARRO DE OFICINA (CT), KIT CONSERVAﾃﾃグ",SAO4F85,,,,dezembro
12/02/2025 10:52:08,"VEICULO USADO  (VU), CARRO DE OFICINA (CT), KIT CONSERVAﾃﾃグ",RII9G47,,,,dezembro
12/02/2025 10:52:44,CARRO DE OFICINA (CT),TIK3C59,,,,dezembro
12/02/2025 10:54:04,VEICULO NOVO  (VN),49210,,,,dezembro
12/02/2025 10:54:22,VEICULO NOVO  (VN),049511,,,,dezembro
12/02/2025 14:35:54,VEICULO NOVO  (VN),75283,,,,dezembro
12/02/2025 15:50:14,CARRO DE OFICINA (CT),Sbq4g50,,,,dezembro
13/02/2025 09:51:54,VEICULO NOVO  (VN),49428,,,,dezembro
13/02/2025 10:24:57,VEICULO NOVO  (VN),49770,,,,dezembro
13/02/2025 10:25:42,VEICULO NOVO  (VN),73478,,,,dezembro
13/02/2025 11:30:03,"VEICULO USADO  (VU), CARRO DE OFICINA (CT)",Tih8h79,,,,dezembro
13/02/2025 13:35:14,"VEICULO USADO  (VU), CARRO DE OFICINA (CT)",SBL6E91,,,,dezembro
13/02/2025 15:49:41,VEICULO USADO  (VU),Pmw3788,,,,dezembro
13/02/2025 15:50:42,"VEICULO USADO  (VU), CARRO DE OFICINA (CT)",Rij9f61 manutenﾃｧﾃ｣o da vitrificaﾃｧﾃ｣o ,,,,dezembro
14/02/2025 09:49:28,VEICULO USADO  (VU),RUJ8G77,,,,dezembro
14/02/2025 16:19:37,VEICULO NOVO  (VN),48544,,,,dezembro
14/02/2025 16:19:59,VEICULO NOVO  (VN),49129,,,,dezembro
14/02/2025 16:20:15,VEICULO NOVO  (VN),52395,,,,dezembro
14/02/2025 16:20:37,CARRO DE OFICINA (CT),Sap1h60,,,,dezembro
14/02/2025 16:21:02,CARRO DE OFICINA (CT),Pny9c63,,,,dezembro
14/02/2025 16:21:25,VEICULO USADO  (VU),Rik4f25,,,,dezembro
14/02/2025 16:21:42,VEICULO USADO  (VU),Pnk8914,,,,dezembro
14/02/2025 16:29:38,"VEICULO NOVO  (VN), VITRICAﾃﾃグ",49620,,,,dezembro
18/02/2025 10:17:18,"VEICULO USADO  (VU), CARRO DE OFICINA (CT)",SBJ1G59,,,,dezembro
18/02/2025 10:17:56,"VEICULO USADO  (VU), CARRO DE OFICINA (CT)",SBV1D92,,,,dezembro
18/02/2025 14:46:21,"VEICULO USADO  (VU), CARRO DE OFICINA (CT)",SAY8F11 manutenﾃｧﾃ｣o da vitrificaﾃｧﾃ｣o ,,,,dezembro
18/02/2025 14:46:52,VEICULO NOVO  (VN),75470,,,,dezembro
18/02/2025 16:11:26,VEICULO USADO  (VU),Poo0207,,,,dezembro
18/02/2025 17:17:22,"VEICULO USADO  (VU), CARRO DE OFICINA (CT)",SBK8F44 MANUTENﾃﾃグ DA VITRIFICAﾃﾃグ ,,,,dezembro
19/02/2025 15:41:44,VEICULO NOVO  (VN),71312,,,,dezembro
19/02/2025 15:42:19,"VEICULO USADO  (VU), CARRO DE OFICINA (CT)",Sbg2a50,,,,dezembro
19/02/2025 15:42:53,VEICULO USADO  (VU),Saqoc17,,,,dezembro
19/02/2025 15:43:35,"VEICULO NOVO  (VN), VITRICAﾃﾃグ",050209,,,,dezembro
20/02/2025 11:14:05,VEICULO NOVO  (VN),30578,,,,dezembro
20/02/2025 11:14:31,VEICULO NOVO  (VN),75544,,,,dezembro
20/02/2025 11:15:59,VEICULO NOVO  (VN),30383,,,,dezembro
20/02/2025 11:54:47,"VEICULO USADO  (VU), CARRO DE OFICINA (CT)",Qto6a03,,,,dezembro
20/02/2025 17:13:39,VEICULO NOVO  (VN),49702,,,,dezembro
20/02/2025 17:14:13,"VEICULO USADO  (VU), CARRO DE OFICINA (CT)",Rif8j90,,,,dezembro
21/02/2025 10:14:35,VEICULO NOVO  (VN),49763,,,,dezembro
21/02/2025 10:14:51,VEICULO NOVO  (VN),73308,,,,dezembro
21/02/2025 10:15:21,VEICULO NOVO  (VN),48830,,,,dezembro
21/02/2025 10:15:56,VEICULO NOVO  (VN),70379,,,,dezembro
21/02/2025 11:27:01,VEICULO NOVO  (VN),52402,,,,dezembro
21/02/2025 13:32:31,"VEICULO USADO  (VU), CARRO DE OFICINA (CT)",Sbg4e65,,,,dezembro
21/02/2025 14:53:56,VEICULO NOVO  (VN),75798,,,,dezembro
21/02/2025 14:54:10,VEICULO NOVO  (VN),50418,,,,dezembro
21/02/2025 15:55:34,VEICULO NOVO  (VN),049463,,,,dezembro
21/02/2025 17:31:41,"VENDA DIRETA (VD), CARRO DE OFICINA (CT)",Tif9a59,,,,dezembro
24/02/2025 13:30:26,"VEICULO USADO  (VU), CARRO DE OFICINA (CT)",SLT6162,,,,dezembro
24/02/2025 13:30:56,VEICULO NOVO  (VN),047613,,,,dezembro
24/02/2025 13:31:16,VEICULO NOVO  (VN),75644,,,,dezembro
24/02/2025 13:31:36,VEICULO NOVO  (VN),49766,,,,dezembro
24/02/2025 13:32:51,"VEICULO USADO  (VU), CARRO DE OFICINA (CT)",SAP7F72,,,,dezembro
24/02/2025 13:33:37,"VEICULO USADO  (VU), CARRO DE OFICINA (CT)",SBK3A68,,,,dezembro
24/02/2025 17:33:30,"VEICULO NOVO  (VN), VITRICAﾃﾃグ",048563,,,,dezembro
25/02/2025 10:03:48,"VEICULO USADO  (VU), CARRO DE OFICINA (CT)",Sbd1e69,,,,dezembro
25/02/2025 10:27:24,VEICULO NOVO  (VN),49434,,,,dezembro
25/02/2025 10:28:07,"VEICULO NOVO  (VN), VITRICAﾃﾃグ",049743,,,,dezembro
25/02/2025 15:06:15,VEICULO NOVO  (VN),75795,,,,dezembro
25/02/2025 15:10:42,VEICULO NOVO  (VN),50280,,,,dezembro
25/02/2025 15:44:24,VEICULO NOVO  (VN),77661,,,,dezembro
26/02/2025 10:52:30,VEICULO NOVO  (VN),70388,,,,dezembro
26/02/2025 10:52:44,VEICULO NOVO  (VN),073308,,,,dezembro
26/02/2025 10:53:14,VEICULO NOVO  (VN),49645,,,,dezembro
26/02/2025 10:53:52,VEICULO NOVO  (VN),50493,,,,dezembro
27/02/2025 11:34:44,VEICULO NOVO  (VN),50493,,,,dezembro
27/02/2025 11:35:09,VEICULO NOVO  (VN),50418,,,,dezembro
27/02/2025 11:35:30,VEICULO NOVO  (VN),49709,,,,dezembro
27/02/2025 11:35:52,VEICULO NOVO  (VN),50076,,,,dezembro
27/02/2025 11:36:25,VEICULO NOVO  (VN),74798,,,,dezembro
27/02/2025 16:57:33,"VEICULO USADO  (VU), CARRO DE OFICINA (CT)",Ric4f39,,,,dezembro
27/02/2025 16:58:09,"VEICULO USADO  (VU), CARRO DE OFICINA (CT)",Sbl3d38,,,,dezembro
27/02/2025 16:58:46,"VEICULO USADO  (VU), CARRO DE OFICINA (CT)",Rls9d77,,,,dezembro
28/02/2025 16:50:44,"VEICULO USADO  (VU), CARRO DE OFICINA (CT)",Sao4h32,,,,dezembro
28/02/2025 16:51:14,VEICULO NOVO  (VN),50493,,,,dezembro
28/02/2025 16:51:34,VEICULO NOVO  (VN),50419,,,,dezembro
28/02/2025 16:51:49,VEICULO NOVO  (VN),50212,,,,dezembro
28/02/2025 16:52:04,VEICULO NOVO  (VN),49765,,,,dezembro
28/02/2025 16:52:22,VEICULO NOVO  (VN),75788,,,,dezembro
28/02/2025 16:52:48,"VEICULO USADO  (VU), CARRO DE OFICINA (CT), POLIMENTO",Rij6181,,,,dezembro
06/03/2025 14:07:15,VEICULO NOVO  (VN),50077,06/03/2025,,,marﾃｧo
06/03/2025 14:07:39,VEICULO NOVO  (VN),34596,06/03/2025,,,marﾃｧo
06/03/2025 14:07:57,VEICULO NOVO  (VN),50487,06/03/2025,,,marﾃｧo
06/03/2025 14:08:30,"VEICULO USADO  (VU), CARRO DE OFICINA (CT), KIT CONSERVAﾃﾃグ",Saq4e72,06/03/2025,,,marﾃｧo
06/03/2025 14:09:01,VEICULO NOVO  (VN),50987,06/03/2025,,,marﾃｧo
06/03/2025 15:43:28,"VEICULO USADO  (VU), CARRO DE OFICINA (CT)",Sas5d43,06/03/2025,,,marﾃｧo
06/03/2025 15:44:31,"VEICULO USADO  (VU), CARRO DE OFICINA (CT)",Saz9149,06/03/2025,,,marﾃｧo
07/03/2025 11:21:51,"VEICULO USADO  (VU), CARRO DE OFICINA (CT), POLIMENTO",Rig8c61,07/03/2025,,,marﾃｧo
07/03/2025 11:25:26,VEICULO NOVO  (VN),52546,07/03/2025,,,marﾃｧo
07/03/2025 15:14:12,"VEICULO USADO  (VU), CARRO DE OFICINA (CT)",Sba7a85,07/03/2025,,,marﾃｧo
07/03/2025 15:14:39,"VEICULO USADO  (VU), CARRO DE OFICINA (CT), KIT CONSERVAﾃﾃグ",Sau2e20,07/03/2025,,,marﾃｧo
07/03/2025 15:15:16,"VEICULO USADO  (VU), CARRO DE OFICINA (CT), KIT CONSERVAﾃﾃグ",Saba6f38,07/03/2025,,,marﾃｧo
07/03/2025 15:16:04,"VEICULO USADO  (VU), CARRO DE OFICINA (CT), KIT CONSERVAﾃﾃグ",Sas5d43,07/03/2025,,,marﾃｧo
07/03/2025 15:17:02,VEICULO NOVO  (VN),077385,07/03/2025,,,marﾃｧo
07/03/2025 16:12:48,VEICULO NOVO  (VN),Tgg7i29 test driver,07/03/2025,,,marﾃｧo
07/03/2025 16:13:09,VEICULO NOVO  (VN),Tgn9i11 test driver,07/03/2025,,,marﾃｧo
07/03/2025 16:13:35,VEICULO NOVO  (VN),Tgn1a21 test driver,07/03/2025,,,marﾃｧo
11/03/2025 11:21:10,"VEICULO USADO  (VU), CARRO DE OFICINA (CT)",Sabu4f52 manutenﾃｧﾃ｣o da vitrificaﾃｧﾃ｣o ,11/03/2025,,,marﾃｧo
11/03/2025 11:21:37,VEICULO NOVO  (VN),052747,11/03/2025,,,marﾃｧo
11/03/2025 11:22:14,VEICULO NOVO  (VN),49709,11/03/2025,,,marﾃｧo
11/03/2025 19:40:41,VEICULO NOVO  (VN),74602,11/03/2025,,,marﾃｧo
11/03/2025 19:41:05,VEICULO NOVO  (VN),50987,11/03/2025,,,marﾃｧo
12/03/2025 09:11:08,"VEICULO NOVO  (VN), VITRICAﾃﾃグ",050005,12/03/2025,,,marﾃｧo
12/03/2025 09:12:12,"VEICULO NOVO  (VN), VITRICAﾃﾃグ",050325,12/03/2025,,,marﾃｧo
12/03/2025 15:04:58,VEICULO NOVO  (VN),77313,12/03/2025,,,marﾃｧo
12/03/2025 15:05:17,VEICULO NOVO  (VN),34429,12/03/2025,,,marﾃｧo
12/03/2025 15:05:32,VEICULO NOVO  (VN),75390,12/03/2025,,,marﾃｧo
12/03/2025 15:06:43,"VEICULO USADO  (VU), CARRO DE OFICINA (CT), KIT CONSERVAﾃﾃグ",Ria2a01,12/03/2025,,,marﾃｧo
12/03/2025 16:58:00,"VEICULO USADO  (VU), CARRO DE OFICINA (CT)",Sbx4h11,12/03/2025,,,marﾃｧo
13/03/2025 13:26:51,"VEICULO USADO  (VU), CARRO DE OFICINA (CT)",San7c28,13/03/2025,,,marﾃｧo
13/03/2025 13:27:38,"VEICULO USADO  (VU), CARRO DE OFICINA (CT)",Scb6c70,13/03/2025,,,marﾃｧo
13/03/2025 13:27:59,VEICULO NOVO  (VN),50387,13/03/2025,,,marﾃｧo
13/03/2025 13:29:58,"VEICULO NOVO  (VN), VITRICAﾃﾃグ",050086,13/03/2025,,,marﾃｧo
13/03/2025 20:22:18,VEICULO NOVO  (VN),Sbt0i91,13/03/2025,,,marﾃｧo
13/03/2025 20:22:39,VEICULO NOVO  (VN),30386,13/03/2025,,,marﾃｧo
13/03/2025 20:22:58,VEICULO NOVO  (VN),75788,13/03/2025,,,marﾃｧo
14/03/2025 11:02:36,"VEICULO NOVO  (VN), VITRICAﾃﾃグ",052706,14/03/2025,,,marﾃｧo
14/03/2025 16:21:52,VEICULO NOVO  (VN),50395,14/03/2025,,,marﾃｧo
14/03/2025 16:22:10,VEICULO NOVO  (VN),52572,14/03/2025,,,marﾃｧo
14/03/2025 16:22:27,VEICULO NOVO  (VN),52544,14/03/2025,,,marﾃｧo
14/03/2025 16:22:44,VEICULO NOVO  (VN),49768,14/03/2025,,,marﾃｧo
14/03/2025 16:23:30,"VEICULO USADO  (VU), CARRO DE OFICINA (CT)",Sau5f65,14/03/2025,,,marﾃｧo
14/03/2025 16:24:15,"VEICULO USADO  (VU), CARRO DE OFICINA (CT)",Sau9d83 manutenﾃｧﾃ｣o da vitrificaﾃｧﾃ｣o ,14/03/2025,,,marﾃｧo
17/03/2025 13:20:13,VEICULO NOVO  (VN),50716,17/03/2025,,,marﾃｧo
17/03/2025 13:20:44,"VEICULO USADO  (VU), CARRO DE OFICINA (CT)",Ria1i80,17/03/2025,,,marﾃｧo
17/03/2025 13:21:26,"VEICULO USADO  (VU), CARRO DE OFICINA (CT), POLIMENTO",Sbg1a75,17/03/2025,,,marﾃｧo
17/03/2025 13:22:21,VEICULO NOVO  (VN),49768,17/03/2025,,,marﾃｧo
17/03/2025 13:24:39,VEICULO USADO  (VU),Sbx4h11,17/03/2025,,,marﾃｧo
17/03/2025 16:25:31,VEICULO NOVO  (VN),35215,17/03/2025,,,marﾃｧo
18/03/2025 10:40:53,"VEICULO USADO  (VU), CARRO DE OFICINA (CT), KIT CONSERVAﾃﾃグ",Sbv0c66,18/03/2025,,,marﾃｧo
18/03/2025 14:32:54,"VEICULO USADO  (VU), CARRO DE OFICINA (CT)",Rij4f51,18/03/2025,,,marﾃｧo
18/03/2025 14:33:46,"VEICULO USADO  (VU), CARRO DE OFICINA (CT)",Sbb9g73,18/03/2025,,,marﾃｧo
18/03/2025 14:34:18,VEICULO NOVO  (VN),49813,18/03/2025,,,marﾃｧo
18/03/2025 14:34:36,VEICULO NOVO  (VN),50077,18/03/2025,,,marﾃｧo
18/03/2025 14:34:55,VEICULO NOVO  (VN),50712,18/03/2025,,,marﾃｧo
18/03/2025 14:35:13,VEICULO NOVO  (VN),75777,18/03/2025,,,marﾃｧo
18/03/2025 14:35:33,VEICULO NOVO  (VN),50415,18/03/2025,,,marﾃｧo
18/03/2025 14:37:35,"VEICULO NOVO  (VN), VITRICAﾃﾃグ",035215,18/03/2025,,,marﾃｧo
18/03/2025 16:51:07,"VEICULO USADO  (VU), CARRO DE OFICINA (CT)",Sbda6a97,18/03/2025,,,marﾃｧo
18/03/2025 16:51:32,"VEICULO USADO  (VU), CARRO DE OFICINA (CT)",Sbh1j28,18/03/2025,,,marﾃｧo
20/03/2025 14:23:45,VEICULO USADO  (VU),Scj1g26,20/03/2025,,,marﾃｧo
20/03/2025 14:24:32,"VEICULO USADO  (VU), CARRO DE OFICINA (CT), KIT CONSERVAﾃﾃグ",Thr7b79,20/03/2025,,,marﾃｧo
20/03/2025 14:24:57,VEICULO NOVO  (VN),52546,20/03/2025,,,marﾃｧo
20/03/2025 14:25:15,VEICULO NOVO  (VN),52047,20/03/2025,,,marﾃｧo
20/03/2025 14:25:45,VEICULO NOVO  (VN),77385,20/03/2025,,,marﾃｧo
20/03/2025 14:26:07,VEICULO NOVO  (VN),75552,20/03/2025,,,marﾃｧo
20/03/2025 14:26:27,VEICULO NOVO  (VN),50385,20/03/2025,,,marﾃｧo
20/03/2025 14:42:23,VEICULO USADO  (VU),Sar6f61 ,20/03/2025,,,marﾃｧo
20/03/2025 15:52:33,"VEICULO USADO  (VU), CARRO DE OFICINA (CT), KIT CONSERVAﾃﾃグ",Rij0g91,20/03/2025,,,marﾃｧo
20/03/2025 16:38:32,"VEICULO USADO  (VU), CARRO DE OFICINA (CT)",Sa02j13 manutenﾃｧﾃ｣o da vitrificaﾃｧﾃ｣o ,20/03/2025,,,marﾃｧo
20/03/2025 17:29:57,"VEICULO USADO  (VU), CARRO DE OFICINA (CT), KIT CONSERVAﾃﾃグ",Ocn4e22,20/03/2025,,,marﾃｧo
21/03/2025 10:14:43,"VEICULO USADO  (VU), CARRO DE OFICINA (CT)",Sbb7f21 manutenﾃｧﾃ｣o da vitrificaﾃｧﾃ｣o ,21/03/2025,,,marﾃｧo
21/03/2025 10:15:26,"VEICULO USADO  (VU), CARRO DE OFICINA (CT)",Sbr4d74,21/03/2025,,,marﾃｧo
21/03/2025 13:42:49,VEICULO NOVO  (VN),75390,21/03/2025,,,marﾃｧo
21/03/2025 13:43:07,VEICULO NOVO  (VN),52572,21/03/2025,,,marﾃｧo
21/03/2025 13:43:28,VEICULO NOVO  (VN),75531,21/03/2025,,,marﾃｧo
21/03/2025 13:43:47,VEICULO NOVO  (VN),76019,21/03/2025,,,marﾃｧo
21/03/2025 13:44:05,VEICULO NOVO  (VN),49825,21/03/2025,,,marﾃｧo
21/03/2025 13:44:40,"VEICULO USADO  (VU), CARRO DE OFICINA (CT)",Tie0g48,21/03/2025,,,marﾃｧo
21/03/2025 16:33:26,VEICULO NOVO  (VN),51321,21/03/2025,,,marﾃｧo
21/03/2025 16:34:24,VEICULO NOVO  (VN),Sbu3b19 manutenﾃｧﾃ｣o da vitrificaﾃｧﾃ｣o ,21/03/2025,,,marﾃｧo
24/03/2025 10:15:48,VEICULO USADO  (VU),Tib6e81,24/03/2025,,,marﾃｧo
24/03/2025 10:18:19,"VEICULO NOVO  (VN), VITRICAﾃﾃグ",052669,24/03/2025,,,marﾃｧo
27/03/2025 08:51:28,VEICULO NOVO  (VN),71945,26/03/2025,,,marﾃｧo
27/03/2025 08:51:52,VEICULO NOVO  (VN),52053,26/03/2025,,,marﾃｧo
27/03/2025 08:52:12,VEICULO NOVO  (VN),52875,26/03/2025,,,marﾃｧo
27/03/2025 08:53:34,"VEICULO USADO  (VU), CARRO DE OFICINA (CT)",Sbm6j01,26/03/2025,,,marﾃｧo
27/03/2025 08:54:03,VEICULO NOVO  (VN),50941,26/03/2025,,,marﾃｧo
27/03/2025 08:54:20,VEICULO NOVO  (VN),52395,26/03/2025,,,marﾃｧo
27/03/2025 08:54:38,VEICULO NOVO  (VN),50897,26/03/2025,,,marﾃｧo
27/03/2025 08:55:15,VEICULO NOVO  (VN),50700,26/03/2025,,,marﾃｧo
27/03/2025 08:55:33,VEICULO NOVO  (VN),50901,26/03/2025,,,marﾃｧo
27/03/2025 08:55:58,VEICULO NOVO  (VN),34581,26/03/2025,,,marﾃｧo
27/03/2025 08:56:37,"VEICULO USADO  (VU), CARRO DE OFICINA (CT)",Sbn9c01,26/03/2025,,,marﾃｧo
27/03/2025 09:00:08,"VEICULO NOVO  (VN), VITRICAﾃﾃグ",024429,26/03/2025,,,marﾃｧo
27/03/2025 11:00:06,"VEICULO NOVO  (VN), VITRICAﾃﾃグ",052832,27/03/2025,,,marﾃｧo
27/03/2025 11:05:08,"VEICULO USADO  (VU), CARRO DE OFICINA (CT), KIT CONSERVAﾃﾃグ",Sbs5g21,27/03/2025,,,marﾃｧo
27/03/2025 11:05:40,VEICULO NOVO  (VN),51804,27/03/2025,,,marﾃｧo
27/03/2025 17:27:33,VEICULO NOVO  (VN),50949,27/03/2025,,,marﾃｧo
27/03/2025 17:27:51,VEICULO NOVO  (VN),50944,27/03/2025,,,marﾃｧo
27/03/2025 17:28:17,"VEICULO USADO  (VU), CARRO DE OFICINA (CT)",Tib6j48,27/03/2025,,,marﾃｧo
27/03/2025 17:28:47,"VEICULO USADO  (VU), CARRO DE OFICINA (CT)",Ril4e70,27/03/2025,,,marﾃｧo
28/03/2025 09:13:32,VEICULO NOVO  (VN),50235,28/03/2025,,,marﾃｧo
28/03/2025 09:13:58,VEICULO NOVO  (VN),50292,28/03/2025,,,marﾃｧo
28/03/2025 10:00:01,VEICULO NOVO  (VN),052720,28/03/2025,,,marﾃｧo
28/03/2025 11:10:10,VEICULO NOVO  (VN),52249,28/03/2025,,,marﾃｧo
28/03/2025 11:10:45,VEICULO NOVO  (VN),50725,28/03/2025,,,marﾃｧo
28/03/2025 11:11:26,"VEICULO USADO  (VU), VITRICAﾃﾃグ",Til2f41,28/03/2025,,,marﾃｧo
28/03/2025 11:58:24,"VEICULO NOVO  (VN), VITRICAﾃﾃグ",052578,28/03/2025,,,marﾃｧo
31/03/2025 16:17:49,VEICULO NOVO  (VN),53797,31/03/2025,,,marﾃｧo
31/03/2025 16:18:10,VEICULO NOVO  (VN),50703,31/03/2025,,,marﾃｧo
31/03/2025 16:18:34,VEICULO NOVO  (VN),50923,31/03/2025,,,marﾃｧo
31/03/2025 16:18:56,VEICULO NOVO  (VN),50629,31/03/2025,,,marﾃｧo
31/03/2025 16:19:46,"VEICULO USADO  (VU), CARRO DE OFICINA (CT)",Sbg9e51,31/03/2025,,,marﾃｧo
31/03/2025 16:20:29,"VEICULO USADO  (VU), CARRO DE OFICINA (CT)",Rif2g32,31/03/2025,,,marﾃｧo
01/04/2025 11:36:27,LAVAGEM SIMPLES,050076,01/04/2025,,"VEICULO USADO  (VU), CARRO DE OFICINA (CT)",abril
01/04/2025 11:38:03,LAVAGEM SIMPLES,Sbk9b04,01/04/2025,,"VEICULO USADO  (VU), CARRO DE OFICINA (CT)",abril
01/04/2025 11:38:36,LAVAGEM SIMPLES,50701,01/04/2025,,"VEICULO USADO  (VU), CARRO DE OFICINA (CT)",abril
01/04/2025 11:38:57,LAVAGEM SIMPLES,50941,01/04/2025,,"VEICULO USADO  (VU), CARRO DE OFICINA (CT)",abril
01/04/2025 16:02:15,"VERNIZ DE MOTOR, LAVAGEM SIMPLES",Sbg2a75,01/04/2025,,"VEICULO USADO  (VU), CARRO DE OFICINA (CT)",abril
01/04/2025 16:03:20,LAVAGEM SIMPLES,76024,01/04/2025,,VEICULO NOVO  (VN),abril
01/04/2025 16:03:59,LAVAGEM SIMPLES,50648,01/04/2025,,VEICULO NOVO  (VN),abril
01/04/2025 16:04:46,LAVAGEM SIMPLES,76025,01/04/2025,,VEICULO NOVO  (VN),abril
02/04/2025 17:32:42,LAVAGEM SIMPLES,Sbl7h15,02/04/2025,,"VEICULO USADO  (VU), CARRO DE OFICINA (CT)",abril
02/04/2025 17:33:41,POLIMENTO,Pok8689,02/04/2025,,"VEICULO USADO  (VU), CARRO DE OFICINA (CT)",abril
02/04/2025 17:34:05,LAVAGEM SIMPLES,75862,02/04/2025,,VEICULO NOVO  (VN),abril
02/04/2025 17:34:35,LAVAGEM SIMPLES,76388,02/04/2025,,VEICULO NOVO  (VN),abril
02/04/2025 17:34:58,LAVAGEM SIMPLES,50618,02/04/2025,,VEICULO NOVO  (VN),abril
02/04/2025 17:35:20,LAVAGEM SIMPLES,35997,02/04/2025,,VEICULO NOVO  (VN),abril
02/04/2025 17:35:40,LAVAGEM SIMPLES,34614,02/04/2025,,VEICULO NOVO  (VN),abril
02/04/2025 17:37:04,LAVAGEM SIMPLES,34614,02/04/2025,Talvez jﾃ｡ tenho anotado...os nﾃｺmeros finais sﾃ｣o iguais,VEICULO NOVO  (VN),abril
02/04/2025 17:37:30,LAVAGEM SIMPLES,50266,02/04/2025,,VEICULO NOVO  (VN),abril
02/04/2025 17:38:22,LAVAGEM SIMPLES,Sbf4c15,02/04/2025,,"VEICULO USADO  (VU), CARRO DE OFICINA (CT)",abril
02/04/2025 17:40:25,"VITRICAﾃﾃグ, LAVAGEM SIMPLES",050629,02/04/2025,,VEICULO NOVO  (VN),abril
03/04/2025 17:44:37,LAVAGEM SIMPLES,Ria7c31,03/04/2025,,"VEICULO USADO  (VU), CARRO DE OFICINA (CT)",abril
03/04/2025 17:45:06,LAVAGEM SIMPLES,50713,03/04/2025,,VEICULO NOVO  (VN),abril
03/04/2025 17:45:27,LAVAGEM SIMPLES,35805,03/04/2025,,VEICULO NOVO  (VN),abril
03/04/2025 17:47:34,"VITRICAﾃﾃグ, LAVAGEM SIMPLES",Thuij31,03/04/2025,,VEICULO USADO  (VU),abril
04/04/2025 13:46:51,LAVAGEM SIMPLES,50289,04/04/2025,,VEICULO NOVO  (VN),abril
04/04/2025 13:47:21,LAVAGEM SIMPLES,35783,04/04/2025,,VEICULO NOVO  (VN),abril
04/04/2025 13:47:45,LAVAGEM SIMPLES,76004,04/04/2025,,VEICULO NOVO  (VN),abril
04/04/2025 13:48:50,LAVAGEM SIMPLES,Sbl7h31,04/04/2025,,"VEICULO USADO  (VU), CARRO DE OFICINA (CT)",abril
04/04/2025 14:53:34,VERNIZ DE MOTOR,Sbc3A17,04/04/2025,,"VEICULO USADO  (VU), CARRO DE OFICINA (CT)",abril
04/04/2025 14:54:45,LAVAGEM SIMPLES,Sb08c91,04/04/2025,,"VEICULO USADO  (VU), CARRO DE OFICINA (CT)",abril
04/04/2025 15:54:47,LAVAGEM SIMPLES,Sb08c91,04/04/2025,,"VEICULO USADO  (VU), CARRO DE OFICINA (CT)",abril
04/04/2025 16:13:18,LAVAGEM SIMPLES,Tgg7i29,04/04/2025,,VEICULO USADO  (VU),abril
04/04/2025 16:48:51,LAVAGEM SIMPLES,Tgn9i11,04/04/2025,,VEICULO USADO  (VU),abril
04/04/2025 16:49:42,LAVAGEM SIMPLES,Tgn1a21,04/04/2025,,VEICULO USADO  (VU),abril
07/04/2025 17:19:08,LAVAGEM SIMPLES,50719,07/04/2025,,VEICULO NOVO  (VN),abril
07/04/2025 17:20:03,LAVAGEM SIMPLES,51903,07/04/2025,,VEICULO NOVO  (VN),abril
07/04/2025 17:20:47,LAVAGEM SIMPLES,Rwx8c01,07/04/2025,,"VEICULO USADO  (VU), CARRO DE OFICINA (CT)",abril
07/04/2025 17:21:44,LAVAGEM SIMPLES,Kzn8082,07/04/2025,,"VEICULO USADO  (VU), CARRO DE OFICINA (CT)",abril
08/04/2025 10:58:21,VITRICAﾃﾃグ,Thq9c31-B076388,08/04/2025,,"VEICULO NOVO  (VN), VEICULO USADO  (VU)",abril
08/04/2025 10:59:37,LAVAGEM SIMPLES,Sap5d42 manutenﾃｧﾃ｣o da vitrificaﾃｧﾃ｣o ,08/04/2025,,"VEICULO USADO  (VU), CARRO DE OFICINA (CT)",abril
08/04/2025 11:00:27,LAVAGEM SIMPLES,72107,08/04/2025,,VEICULO NOVO  (VN),abril
09/04/2025 09:11:43,LAVAGEM SIMPLES,Sbb0c17,09/04/2025,,"VEICULO USADO  (VU), CARRO DE OFICINA (CT)",abril
09/04/2025 12:35:07,LAVAGEM SIMPLES,76008,09/04/2025,,VEICULO NOVO  (VN),abril
09/04/2025 12:35:40,LAVAGEM SIMPLES,50613,09/04/2025,,VEICULO NOVO  (VN),abril
09/04/2025 12:37:41,"VITRICAﾃﾃグ, LAVAGEM SIMPLES",036124,09/04/2025,,VEICULO NOVO  (VN),abril
09/04/2025 13:14:07,LAVAGEM SIMPLES,Rig3b12,09/04/2025,,"VEICULO USADO  (VU), CARRO DE OFICINA (CT)",abril
09/04/2025 13:57:26,"POLIMENTO, PREPARAﾃﾃグ DE SEMI-NOVO",Scp8f52,09/04/2025,,VEICULO USADO  (VU),abril
09/04/2025 16:27:39,LAVAGEM SIMPLES,Sbt0I91,09/04/2025,,"VEICULO USADO  (VU), CARRO DE OFICINA (CT)",abril
10/04/2025 08:39:54,"VITRICAﾃﾃグ, LAVAGEM SIMPLES",036164,10/04/2025,,VEICULO NOVO  (VN),abril
10/04/2025 17:53:19,LAVAGEM SIMPLES,50616,10/04/2025,,VEICULO NOVO  (VN),abril
10/04/2025 17:53:45,LAVAGEM SIMPLES,35889,10/04/2025,,VEICULO NOVO  (VN),abril
10/04/2025 17:55:17,LAVAGEM SIMPLES,Say1b45,10/04/2025,,"VEICULO USADO  (VU), CARRO DE OFICINA (CT)",abril
11/04/2025 09:48:57,LAVAGEM SIMPLES,Til2f41,11/04/2025,,VEICULO USADO  (VU),abril
11/04/2025 09:50:01,"VITRICAﾃﾃグ, LAVAGEM SIMPLES",036100,11/04/2025,,VEICULO NOVO  (VN),abril
11/04/2025 17:26:33,LAVAGEM SIMPLES,36145,11/04/2025,,VEICULO NOVO  (VN),abril
11/04/2025 17:26:57,LAVAGEM SIMPLES,36370,11/04/2025,,VEICULO NOVO  (VN),abril
11/04/2025 17:27:19,LAVAGEM SIMPLES,35890,11/04/2025,,VEICULO NOVO  (VN),abril
11/04/2025 17:27:40,LAVAGEM SIMPLES,35945,11/04/2025,,VEICULO NOVO  (VN),abril
11/04/2025 17:28:05,LAVAGEM SIMPLES,53844,11/04/2025,,VEICULO NOVO  (VN),abril
11/04/2025 17:28:45,LAVAGEM SIMPLES,Saz3d38,11/04/2025,,"VEICULO USADO  (VU), CARRO DE OFICINA (CT)",abril
11/04/2025 17:30:23,"VERNIZ DE MOTOR, LAVAGEM ESPECIAL",Sbe8I97,11/04/2025,,"VEICULO USADO  (VU), CARRO DE OFICINA (CT)",abril
11/04/2025 17:31:09,LAVAGEM SIMPLES,Osr1I81,11/04/2025,,"VEICULO USADO  (VU), CARRO DE OFICINA (CT)",abril
14/04/2025 17:07:41,"VITRICAﾃﾃグ, LAVAGEM SIMPLES",036230,14/04/2025,,VEICULO NOVO  (VN),abril
14/04/2025 17:08:09,LAVAGEM SIMPLES,53844,14/04/2025,,VEICULO NOVO  (VN),abril
14/04/2025 17:08:34,LAVAGEM SIMPLES,76424,14/04/2025,,VEICULO NOVO  (VN),abril
14/04/2025 17:08:56,LAVAGEM SIMPLES,35167,14/04/2025,,VEICULO NOVO  (VN),abril
14/04/2025 17:09:46,LAVAGEM SIMPLES,Thz8c48,14/04/2025,,"VEICULO USADO  (VU), CARRO DE OFICINA (CT)",abril
15/04/2025 17:06:41,"VITRICAﾃﾃグ, LAVAGEM ESPECIAL",36199,15/04/2025,,VEICULO NOVO  (VN),abril
15/04/2025 17:10:04,LAVAGEM SIMPLES,36369,15/04/2025,,VEICULO NOVO  (VN),abril
15/04/2025 17:10:45,LAVAGEM SIMPLES,76028,15/04/2025,,VEICULO NOVO  (VN),abril
15/04/2025 17:11:05,LAVAGEM SIMPLES,51312,15/04/2025,,VEICULO NOVO  (VN),abril
16/04/2025 10:34:59,"VITRICAﾃﾃグ, LAVAGEM SIMPLES",036036,16/04/2025,,VEICULO NOVO  (VN),abril
16/04/2025 16:51:18,LAVAGEM SIMPLES,Thx7f28,16/04/2025,,"VEICULO USADO  (VU), CARRO DE OFICINA (CT)",abril
16/04/2025 16:51:45,LAVAGEM SIMPLES,53106,16/04/2025,,VEICULO NOVO  (VN),abril
16/04/2025 16:53:08,LAVAGEM SIMPLES,Ths4a59,16/04/2025,,"VEICULO USADO  (VU), CARRO DE OFICINA (CT)",abril
16/04/2025 16:53:43,LAVAGEM SIMPLES,52921,16/04/2025,,VEICULO NOVO  (VN),abril
16/04/2025 16:54:19,LAVAGEM SIMPLES,76447,16/04/2025,,VEICULO NOVO  (VN),abril
22/04/2025 11:02:06,MANUTENﾃﾃグ DE VITRIFICAﾃﾃグ,Sbrg621,17/04/2025,Esqueci de mandar,"VEICULO USADO  (VU), CARRO DE OFICINA (CT)",abril
22/04/2025 11:02:36,LAVAGEM SIMPLES,36586,17/04/2025,,VEICULO NOVO  (VN),abril
22/04/2025 11:03:00,LAVAGEM SIMPLES,36283,17/04/2025,,VEICULO NOVO  (VN),abril
22/04/2025 11:03:27,LAVAGEM SIMPLES,76019,17/04/2025,,VEICULO NOVO  (VN),abril
22/04/2025 14:36:07,LAVAGEM SIMPLES,Sbm8c26,22/04/2025,,"VEICULO USADO  (VU), CARRO DE OFICINA (CT)",abril
22/04/2025 15:26:47,LAVAGEM SIMPLES,Ril7f31,22/04/2025,,"VEICULO USADO  (VU), CARRO DE OFICINA (CT)",abril
23/04/2025 17:38:25,LAVAGEM SIMPLES,36405,23/04/2025,,VEICULO NOVO  (VN),abril
23/04/2025 17:38:54,LAVAGEM SIMPLES,Sbi9d10,23/04/2025,,"VEICULO USADO  (VU), CARRO DE OFICINA (CT)",abril
24/04/2025 17:48:14,LAVAGEM SIMPLES,35920,24/04/2025,,VEICULO NOVO  (VN),abril
24/04/2025 17:48:34,LAVAGEM SIMPLES,78326,24/04/2025,,VEICULO NOVO  (VN),abril
24/04/2025 17:48:53,LAVAGEM SIMPLES,37251,24/04/2025,,VEICULO NOVO  (VN),abril
24/04/2025 17:49:18,LAVAGEM SIMPLES,37240,24/04/2025,,VEICULO NOVO  (VN),abril
24/04/2025 17:49:38,LAVAGEM SIMPLES,30576,24/04/2025,,VEICULO NOVO  (VN),abril
24/04/2025 17:49:58,LAVAGEM SIMPLES,76008,24/04/2025,,VEICULO NOVO  (VN),abril
25/04/2025 14:55:32,MANUTENﾃﾃグ DE VITRIFICAﾃﾃグ,Sas4f31,25/04/2025,,"VEICULO USADO  (VU), CARRO DE OFICINA (CT)",abril
25/04/2025 14:56:02,LAVAGEM SIMPLES,55254,25/04/2025,,VEICULO NOVO  (VN),abril
25/04/2025 14:56:31,LAVAGEM SIMPLES,42459,25/04/2025,,VEICULO NOVO  (VN),abril
25/04/2025 14:56:56,LAVAGEM SIMPLES,55654,25/04/2025,,VEICULO NOVO  (VN),abril
25/04/2025 14:57:21,LAVAGEM SIMPLES,36190,25/04/2025,,VEICULO NOVO  (VN),abril
25/04/2025 15:40:02,LAVAGEM SIMPLES,Rif0e45,25/04/2025,,"VEICULO USADO  (VU), CARRO DE OFICINA (CT)",abril
25/04/2025 16:54:30,"KIT CONSERVAﾃﾃグ, VERNIZ DE MOTOR",Sap0h76,25/04/2025,,"VEICULO USADO  (VU), CARRO DE OFICINA (CT)",abril
28/04/2025 17:05:54,LAVAGEM SIMPLES,55131,28/04/2025,,VEICULO NOVO  (VN),abril
28/04/2025 17:06:27,LAVAGEM SIMPLES,42459,28/04/2025,,VEICULO NOVO  (VN),abril
28/04/2025 17:06:47,LAVAGEM SIMPLES,34614,28/04/2025,,VEICULO NOVO  (VN),abril
28/04/2025 17:07:06,LAVAGEM SIMPLES,55611,28/04/2025,,VEICULO NOVO  (VN),abril
28/04/2025 17:11:32,VITRICAﾃﾃグ,075916,28/04/2025,,VEICULO NOVO  (VN),abril
29/04/2025 13:27:50,LAVAGEM SIMPLES,55648,29/04/2025,,VEICULO NOVO  (VN),abril
29/04/2025 13:28:14,LAVAGEM SIMPLES,35929,29/04/2025,,VEICULO NOVO  (VN),abril
29/04/2025 13:28:37,LAVAGEM SIMPLES,36643,29/04/2025,,VEICULO NOVO  (VN),abril
29/04/2025 13:28:58,LAVAGEM SIMPLES,72107,29/04/2025,,VEICULO NOVO  (VN),abril
29/04/2025 13:29:24,LAVAGEM SIMPLES,55621,29/04/2025,,VEICULO NOVO  (VN),abril
29/04/2025 13:29:50,MANUTENﾃﾃグ DE VITRIFICAﾃﾃグ,Sap3h54,29/04/2025,,"VEICULO USADO  (VU), CARRO DE OFICINA (CT)",abril
29/04/2025 13:30:17,MANUTENﾃﾃグ DE VITRIFICAﾃﾃグ,Sbq0i53,29/04/2025,,"VEICULO USADO  (VU), CARRO DE OFICINA (CT)",abril
29/04/2025 17:31:31,LAVAGEM SIMPLES,Sas2d06,29/04/2025,,"VEICULO USADO  (VU), CARRO DE OFICINA (CT)",abril
30/04/2025 12:27:59,LAVAGEM SIMPLES,55391,30/04/2025,,VEICULO NOVO  (VN),abril
30/04/2025 12:28:29,LAVAGEM SIMPLES,52957,30/04/2025,,VEICULO NOVO  (VN),abril
30/04/2025 12:28:56,LAVAGEM SIMPLES,77467,30/04/2025,,VEICULO NOVO  (VN),abril
30/04/2025 12:29:25,LAVAGEM SIMPLES,53103,30/04/2025,,VEICULO NOVO  (VN),abril
30/04/2025 12:29:58,LAVAGEM SIMPLES,55518,30/04/2025,,VEICULO NOVO  (VN),abril
30/04/2025 12:30:25,LAVAGEM SIMPLES,56449,30/04/2025,,VEICULO NOVO  (VN),abril
30/04/2025 13:48:42,VITRICAﾃﾃグ,054004,30/04/2025,,VEICULO NOVO  (VN),abril
02/05/2025 09:29:06,LAVAGEM SIMPLES,056419,02/05/2025,,VEICULO NOVO  (VN),maio
02/05/2025 10:14:42,LAVAGEM SIMPLES,76079,02/05/2025,,VEICULO NOVO  (VN),maio
02/05/2025 10:15:10,LAVAGEM SIMPLES,77354,02/05/2025,,VEICULO NOVO  (VN),maio
02/05/2025 10:15:56,LAVAGEM SIMPLES,77329,02/05/2025,,VEICULO NOVO  (VN),maio
02/05/2025 10:16:19,LAVAGEM SIMPLES,55651,02/05/2025,,VEICULO NOVO  (VN),maio
02/05/2025 10:16:57,LAVAGEM SIMPLES,55581,02/05/2025,,VEICULO NOVO  (VN),maio
02/05/2025 11:32:58,"KIT CONSERVAﾃﾃグ, VERNIZ DE MOTOR",Sbv5b49,02/05/2025,,"VEICULO USADO  (VU), CARRO DE OFICINA (CT)",maio
02/05/2025 13:28:24,LAVAGEM SIMPLES,Sbca41,02/05/2025,,"VEICULO USADO  (VU), CARRO DE OFICINA (CT)",maio
02/05/2025 13:29:17,LAVAGEM SIMPLES,Sbb7g01,02/05/2025,,"VEICULO USADO  (VU), CARRO DE OFICINA (CT)",maio
02/05/2025 13:52:12,LAVAGEM SIMPLES,Sba3f42,02/05/2025,,"VEICULO USADO  (VU), CARRO DE OFICINA (CT)",maio
02/05/2025 17:34:18,LAVAGEM SIMPLES,55185,02/05/2025,,VEICULO NOVO  (VN),maio
02/05/2025 17:34:59,LAVAGEM SIMPLES,Sbb7g01,02/05/2025,,"VEICULO USADO  (VU), CARRO DE OFICINA (CT)",maio
02/05/2025 17:35:57,LAVAGEM SIMPLES,Sba3f42,02/05/2025,,"VEICULO USADO  (VU), CARRO DE OFICINA (CT)",maio
05/05/2025 10:41:33,LAVAGEM SIMPLES,53702,05/05/2025,,VEICULO NOVO  (VN),maio
05/05/2025 10:42:54,LAVAGEM SIMPLES,53149,05/05/2025,,VEICULO NOVO  (VN),maio
05/05/2025 10:43:49,LAVAGEM SIMPLES,36889,05/05/2025,,,maio
05/05/2025 10:44:17,LAVAGEM SIMPLES,55621,05/05/2025,,VEICULO NOVO  (VN),maio
05/05/2025 10:44:40,LAVAGEM SIMPLES,55593,05/05/2025,,VEICULO NOVO  (VN),maio
05/05/2025 10:45:06,LAVAGEM SIMPLES,56564,05/05/2025,,VEICULO NOVO  (VN),maio
05/05/2025 17:21:34,LAVAGEM SIMPLES,Rig6j85,05/05/2025,,"VEICULO USADO  (VU), CARRO DE OFICINA (CT)",maio
06/05/2025 16:07:41,LAVAGEM SIMPLES,34614,06/05/2025,,VEICULO NOVO  (VN),maio
06/05/2025 16:08:21,LAVAGEM SIMPLES,37574,06/05/2025,,VEICULO NOVO  (VN),maio
07/05/2025 17:10:01,LAVAGEM SIMPLES,52925,07/05/2025,,VEICULO NOVO  (VN),maio
07/05/2025 17:10:23,LAVAGEM SIMPLES,57517,07/05/2025,,VEICULO NOVO  (VN),maio
07/05/2025 17:10:45,LAVAGEM SIMPLES,55709,07/05/2025,,VEICULO NOVO  (VN),maio
07/05/2025 17:11:24,LAVAGEM SIMPLES,55311,07/05/2025,,VEICULO NOVO  (VN),maio
07/05/2025 17:11:46,LAVAGEM SIMPLES,Sgw2d73,07/05/2025,,"VEICULO USADO  (VU), CARRO DE OFICINA (CT)",maio
08/05/2025 10:01:22,LAVAGEM SIMPLES,38758,08/05/2025,,VEICULO NOVO  (VN),maio
08/05/2025 10:02:08,LAVAGEM SIMPLES,55663,08/05/2025,,VEICULO NOVO  (VN),maio
08/05/2025 10:03:08,LAVAGEM SIMPLES,52986,08/05/2025,,VEICULO NOVO  (VN),maio
08/05/2025 10:03:37,LAVAGEM SIMPLES,35429,08/05/2025,,VEICULO NOVO  (VN),maio
08/05/2025 10:04:03,LAVAGEM SIMPLES,37354,08/05/2025,,VEICULO NOVO  (VN),maio
08/05/2025 13:54:17,LAVAGEM SIMPLES,Sar6e55,08/05/2025,,"VEICULO USADO  (VU), CARRO DE OFICINA (CT)",maio
09/05/2025 10:22:13,LAVAGEM SIMPLES,37273,09/05/2025,,VEICULO NOVO  (VN),maio
09/05/2025 10:22:33,LAVAGEM SIMPLES,55499,09/05/2025,,VEICULO NOVO  (VN),maio
09/05/2025 10:22:57,LAVAGEM SIMPLES,76080,09/05/2025,,VEICULO NOVO  (VN),maio
09/05/2025 10:23:22,LAVAGEM SIMPLES,37525,09/05/2025,,VEICULO NOVO  (VN),maio
09/05/2025 10:23:41,LAVAGEM SIMPLES,77489,09/05/2025,,VEICULO NOVO  (VN),maio
09/05/2025 10:24:00,LAVAGEM SIMPLES,58126,09/05/2025,,VEICULO NOVO  (VN),maio
09/05/2025 17:40:48,LAVAGEM SIMPLES,077489,09/05/2025,,VEICULO NOVO  (VN),maio
12/05/2025 17:14:16,LAVAGEM SIMPLES,76174,12/05/2025,,VEICULO NOVO  (VN),maio
12/05/2025 17:14:38,LAVAGEM SIMPLES,55676,12/05/2025,,VEICULO NOVO  (VN),maio
12/05/2025 17:14:54,LAVAGEM SIMPLES,76566,12/05/2025,,VEICULO NOVO  (VN),maio
12/05/2025 17:15:09,LAVAGEM SIMPLES,55358,12/05/2025,,VEICULO NOVO  (VN),maio
13/05/2025 10:41:36,LAVAGEM SIMPLES,55185,13/05/2025,,VEICULO NOVO  (VN),maio
13/05/2025 10:42:08,LAVAGEM SIMPLES,48681,13/05/2025,,VEICULO NOVO  (VN),maio
13/05/2025 10:43:30,LAVAGEM SIMPLES,37273,13/05/2025,,VEICULO NOVO  (VN),maio
13/05/2025 10:45:13,LAVAGEM SIMPLES,Sbu3b89,13/05/2025,,"VEICULO USADO  (VU), CARRO DE OFICINA (CT)",maio
13/05/2025 15:56:29,LAVAGEM SIMPLES,Ril7f32,13/05/2025,,"VEICULO USADO  (VU), CARRO DE OFICINA (CT)",maio
13/05/2025 15:57:05,LAVAGEM SIMPLES,Sat7i12,13/05/2025,,"VEICULO USADO  (VU), CARRO DE OFICINA (CT)",maio
13/05/2025 15:58:09,LAVAGEM SIMPLES,Ria3h56,13/05/2025,,"VEICULO USADO  (VU), CARRO DE OFICINA (CT)",maio
14/05/2025 15:40:35,KIT CONSERVAﾃﾃグ,Rik9g11,14/05/2025,,"VEICULO USADO  (VU), CARRO DE OFICINA (CT)",maio
14/05/2025 15:41:07,LAVAGEM SIMPLES,55731,14/05/2025,,VEICULO NOVO  (VN),maio
14/05/2025 15:41:30,LAVAGEM SIMPLES,77529,14/05/2025,,VEICULO NOVO  (VN),maio
14/05/2025 15:42:07,LAVAGEM SIMPLES,Pwv1c05,14/05/2025,,"VEICULO USADO  (VU), CARRO DE OFICINA (CT)",maio
15/05/2025 10:31:30,KIT CONSERVAﾃﾃグ,Thq7i61,15/05/2025,Higienizacao interna,"VEICULO USADO  (VU), CARRO DE OFICINA (CT)",maio
15/05/2025 10:32:52,"VITRICAﾃﾃグ, LAVAGEM SIMPLES",036712,15/05/2025,O nome vitrificaﾃｧﾃ｣o tﾃ｡ errado総,VEICULO NOVO  (VN),maio
15/05/2025 15:49:51,LAVAGEM SIMPLES,56302,15/05/2025,,VEICULO NOVO  (VN),maio
15/05/2025 15:50:26,LAVAGEM SIMPLES,55543,15/05/2025,,VEICULO NOVO  (VN),maio
15/05/2025 15:50:57,LAVAGEM SIMPLES,56483,15/05/2025,,VEICULO NOVO  (VN),maio
15/05/2025 15:51:41,LAVAGEM SIMPLES,55236,15/05/2025,,VEICULO NOVO  (VN),maio
15/05/2025 15:52:28,LAVAGEM SIMPLES,Sbf4c15,15/05/2025,,"VEICULO USADO  (VU), CARRO DE OFICINA (CT)",maio
16/05/2025 08:41:59,LAVAGEM SIMPLES,076953,16/05/2025,,VEICULO NOVO  (VN),maio
16/05/2025 10:12:39,LAVAGEM SIMPLES,077513,16/05/2025,,VEICULO NOVO  (VN),maio
16/05/2025 10:13:35,LAVAGEM SIMPLES,038121,16/05/2025,,VEICULO NOVO  (VN),maio
16/05/2025 11:29:39,LAVAGEM SIMPLES,055490,16/05/2025,,VEICULO NOVO  (VN),maio
16/05/2025 14:37:34,LAVAGEM SIMPLES,76820,16/05/2025,,VEICULO NOVO  (VN),maio
16/05/2025 16:26:27,LAVAGEM SIMPLES,San8g73,16/05/2025,,"VEICULO USADO  (VU), CARRO DE OFICINA (CT)",maio
16/05/2025 16:28:10,"KIT CONSERVAﾃﾃグ, VERNIZ DE MOTOR",S,16/05/2025,Gej7g73,"VEICULO USADO  (VU), CARRO DE OFICINA (CT)",maio
16/05/2025 17:03:39,LAVAGEM SIMPLES,Tim9h19,16/05/2025,,"VEICULO USADO  (VU), CARRO DE OFICINA (CT)",maio
19/05/2025 16:10:08,LAVAGEM SIMPLES,37802,19/05/2025,,VEICULO NOVO  (VN),maio
19/05/2025 16:10:31,LAVAGEM SIMPLES,55834,19/05/2025,,VEICULO NOVO  (VN),maio
19/05/2025 16:10:49,LAVAGEM SIMPLES,55872,19/05/2025,,VEICULO NOVO  (VN),maio
20/05/2025 16:47:00,LAVAGEM SIMPLES,53898,20/05/2025,,VEICULO NOVO  (VN),maio
20/05/2025 16:47:22,LAVAGEM SIMPLES,36626,20/05/2025,,VEICULO NOVO  (VN),maio
20/05/2025 16:47:44,LAVAGEM SIMPLES,78495,20/05/2025,,VEICULO NOVO  (VN),maio
20/05/2025 16:48:01,LAVAGEM SIMPLES,56564,20/05/2025,,VEICULO NOVO  (VN),maio
21/05/2025 14:17:37,LAVAGEM SIMPLES,56119,21/05/2025,,VEICULO NOVO  (VN),maio
21/05/2025 14:18:05,LAVAGEM SIMPLES,55768,21/05/2025,,VEICULO NOVO  (VN),maio
21/05/2025 14:18:30,LAVAGEM SIMPLES,55781,21/05/2025,,VEICULO NOVO  (VN),maio
21/05/2025 14:55:58,"LAVAGEM SIMPLES, MANUTENﾃﾃグ DE VITRIFICAﾃﾃグ",Tik8j79,21/05/2025,,"VEICULO USADO  (VU), CARRO DE OFICINA (CT)",maio
22/05/2025 16:59:55,LAVAGEM SIMPLES,56574,22/05/2025,,VEICULO NOVO  (VN),maio
22/05/2025 17:00:22,LAVAGEM SIMPLES,55585,22/05/2025,,VEICULO NOVO  (VN),maio
22/05/2025 17:00:44,LAVAGEM SIMPLES,56749,22/05/2025,,VEICULO NOVO  (VN),maio
22/05/2025 17:01:09,LAVAGEM SIMPLES,56478,22/05/2025,,VEICULO NOVO  (VN),maio
22/05/2025 17:01:39,LAVAGEM SIMPLES,76838,22/05/2025,,VEICULO NOVO  (VN),maio
22/05/2025 17:02:02,LAVAGEM SIMPLES,76837,22/05/2025,,VEICULO NOVO  (VN),maio
22/05/2025 17:02:56,"LAVAGEM SIMPLES, MANUTENﾃﾃグ DE VITRIFICAﾃﾃグ",Sbn0h82,22/05/2025,,"VEICULO USADO  (VU), CARRO DE OFICINA (CT)",maio
22/05/2025 17:04:11,"VITRICAﾃﾃグ, LAVAGEM SIMPLES",053895,22/05/2025,,VEICULO NOVO  (VN),maio
23/05/2025 09:59:52,LAVAGEM SIMPLES,78053,23/05/2025,,VEICULO NOVO  (VN),maio
23/05/2025 10:00:59,LAVAGEM SIMPLES,76341,23/05/2025,,VEICULO NOVO  (VN),maio
23/05/2025 10:01:49,LAVAGEM SIMPLES,37229,23/05/2025,,VEICULO NOVO  (VN),maio
23/05/2025 10:02:12,LAVAGEM SIMPLES,55863,23/05/2025,,VEICULO NOVO  (VN),maio
23/05/2025 10:02:38,LAVAGEM SIMPLES,56569,23/05/2025,,VEICULO NOVO  (VN),maio
23/05/2025 10:03:01,MANUTENﾃﾃグ DE VITRIFICAﾃﾃグ,Rii1f42,23/05/2025,,"VEICULO USADO  (VU), CARRO DE OFICINA (CT)",maio
23/05/2025 17:17:18,"LAVAGEM SIMPLES, MANUTENﾃﾃグ DE VITRIFICAﾃﾃグ",Sas9j31,23/05/2025,,"VEICULO USADO  (VU), CARRO DE OFICINA (CT)",maio
26/05/2025 16:05:18,LAVAGEM SIMPLES,57333,26/05/2025,,VEICULO NOVO  (VN),maio
26/05/2025 16:06:24,LAVAGEM SIMPLES,55016,26/05/2025,,VEICULO NOVO  (VN),maio
26/05/2025 16:06:51,LAVAGEM SIMPLES,78492,26/05/2025,,VEICULO NOVO  (VN),maio
26/05/2025 16:07:27,LAVAGEM SIMPLES,56735,26/05/2025,,VEICULO NOVO  (VN),maio
26/05/2025 16:07:51,LAVAGEM SIMPLES,54516,26/05/2025,,VEICULO NOVO  (VN),maio
26/05/2025 16:08:30,LAVAGEM SIMPLES,57331,26/05/2025,,VEICULO NOVO  (VN),maio
26/05/2025 16:08:57,VITRICAﾃﾃグ,055872,26/05/2025,,VEICULO NOVO  (VN),maio
27/05/2025 17:11:57,LAVAGEM SIMPLES,76505,27/05/2025,,VEICULO NOVO  (VN),maio
27/05/2025 17:12:34,LAVAGEM SIMPLES,78362,27/05/2025,,VEICULO NOVO  (VN),maio
27/05/2025 17:12:58,LAVAGEM SIMPLES,78473,27/05/2025,,VEICULO NOVO  (VN),maio
27/05/2025 17:13:15,LAVAGEM SIMPLES,54014,27/05/2025,,VEICULO NOVO  (VN),maio
27/05/2025 17:13:58,LAVAGEM SIMPLES,Sbs1c02,27/05/2025,,"VEICULO USADO  (VU), CARRO DE OFICINA (CT)",maio
27/05/2025 17:14:57,"KIT CONSERVAﾃﾃグ, VERNIZ DE MOTOR",Saw7a84,27/05/2025,,"VEICULO USADO  (VU), CARRO DE OFICINA (CT)",maio
28/05/2025 15:41:10,LAVAGEM SIMPLES,76489,28/05/2025,,VEICULO NOVO  (VN),maio
28/05/2025 15:41:29,LAVAGEM SIMPLES,77923,28/05/2025,,VEICULO NOVO  (VN),maio
28/05/2025 15:41:53,LAVAGEM SIMPLES,57316,28/05/2025,,VEICULO NOVO  (VN),maio
28/05/2025 15:42:13,LAVAGEM SIMPLES,77462,28/05/2025,,VEICULO NOVO  (VN),maio
28/05/2025 15:42:36,LAVAGEM SIMPLES,58247,28/05/2025,,VEICULO NOVO  (VN),maio
28/05/2025 15:43:42,LAVAGEM SIMPLES,Sbg1a75,28/05/2025,,"VEICULO USADO  (VU), CARRO DE OFICINA (CT)",maio
28/05/2025 15:51:16,LAVAGEM SIMPLES,Sbc6c08,28/05/2025,,"VEICULO USADO  (VU), CARRO DE OFICINA (CT)",maio
29/05/2025 09:59:49,LAVAGEM SIMPLES,Rqa2b93,29/05/2025,,VEICULO NOVO  (VN),maio
29/05/2025 10:55:14,LAVAGEM SIMPLES,Sap3g98,29/05/2025,,"VEICULO USADO  (VU), CARRO DE OFICINA (CT)",maio
29/05/2025 10:55:57,LAVAGEM SIMPLES,56642,29/05/2025,,VEICULO NOVO  (VN),maio
29/05/2025 13:19:03,LAVAGEM SIMPLES,76487,29/05/2025,,VEICULO NOVO  (VN),maio
29/05/2025 14:10:56,LAVAGEM SIMPLES,56741,29/05/2025,,VEICULO NOVO  (VN),maio
29/05/2025 15:23:40,LAVAGEM SIMPLES,77917,29/05/2025,,VEICULO NOVO  (VN),maio
29/05/2025 15:24:33,MANUTENﾃﾃグ DE VITRIFICAﾃﾃグ,Sat5h12,29/05/2025,,"VEICULO USADO  (VU), CARRO DE OFICINA (CT)",maio
29/05/2025 15:25:10,LAVAGEM SIMPLES,Sbb6e41,29/05/2025,,"VEICULO USADO  (VU), CARRO DE OFICINA (CT)",maio
29/05/2025 16:40:32,LAVAGEM SIMPLES,054030,29/05/2025,,VEICULO NOVO  (VN),maio
29/05/2025 16:41:05,LAVAGEM SIMPLES,38737,29/05/2025,,VEICULO NOVO  (VN),maio
30/05/2025 10:55:59,LAVAGEM SIMPLES,39157,30/05/2025,,VEICULO NOVO  (VN),maio
30/05/2025 10:56:42,LAVAGEM SIMPLES,54381,30/05/2025,,VEICULO NOVO  (VN),maio
30/05/2025 10:57:00,LAVAGEM SIMPLES,37802,30/05/2025,,VEICULO NOVO  (VN),maio
30/05/2025 10:57:23,LAVAGEM SIMPLES,59007,30/05/2025,,VEICULO NOVO  (VN),maio
30/05/2025 10:57:59,LAVAGEM SIMPLES,56453,30/05/2025,,VEICULO NOVO  (VN),maio
30/05/2025 10:58:30,LAVAGEM SIMPLES,38841,30/05/2025,,VEICULO NOVO  (VN),maio
30/05/2025 13:16:37,LAVAGEM SIMPLES,56782,30/05/2025,,VEICULO NOVO  (VN),maio
30/05/2025 14:32:00,LAVAGEM SIMPLES,Rij0a47,30/05/2025,,"VEICULO USADO  (VU), CARRO DE OFICINA (CT)",maio
30/05/2025 14:32:38,LAVAGEM SIMPLES,Sbw1b98,30/05/2025,,"VEICULO USADO  (VU), CARRO DE OFICINA (CT)",maio
30/05/2025 15:22:24,LAVAGEM SIMPLES,Gax9j37,30/05/2025,,"VEICULO USADO  (VU), CARRO DE OFICINA (CT)",maio
30/05/2025 16:48:14,VITRICAﾃﾃグ,038711,30/05/2025,,VEICULO NOVO  (VN),maio
30/05/2025 17:18:49,LAVAGEM SIMPLES,Scq5b41,30/05/2025,,"VEICULO USADO  (VU), CARRO DE OFICINA (CT)",maio
02/06/2025 11:42:17,LAVAGEM SIMPLES,Rii6g31,02/06/2025,,"VEICULO USADO  (VU), CARRO DE OFICINA (CT)",junho
02/06/2025 16:28:37,VITRICAﾃﾃグ,057331,02/06/2025,,VEICULO NOVO  (VN),junho
02/06/2025 16:29:06,LAVAGEM SIMPLES,36626,02/06/2025,,VEICULO NOVO  (VN),junho
02/06/2025 16:29:33,LAVAGEM SIMPLES,38808,02/06/2025,,VEICULO NOVO  (VN),junho
02/06/2025 16:29:56,LAVAGEM SIMPLES,76508,02/06/2025,,VEICULO NOVO  (VN),junho
02/06/2025 16:30:31,LAVAGEM SIMPLES,58952,02/06/2025,,VEICULO NOVO  (VN),junho
02/06/2025 16:31:00,LAVAGEM SIMPLES,56833,02/06/2025,,VEICULO NOVO  (VN),junho
02/06/2025 16:31:46,LAVAGEM SIMPLES,Fmn5500,02/06/2025,,VEICULO USADO  (VU),junho
03/06/2025 15:46:14,LAVAGEM SIMPLES,Saw1i95,03/06/2025,,"VEICULO USADO  (VU), CARRO DE OFICINA (CT)",junho
03/06/2025 17:34:01,LAVAGEM SIMPLES,54188,03/06/2025,,VEICULO NOVO  (VN),junho
04/06/2025 16:30:10,VITRICAﾃﾃグ,038828,04/06/2025,,VEICULO NOVO  (VN),junho
04/06/2025 16:30:56,LAVAGEM SIMPLES,39271,04/06/2025,,VEICULO NOVO  (VN),junho
04/06/2025 16:31:28,LAVAGEM SIMPLES,57824,04/06/2025,,VEICULO NOVO  (VN),junho
04/06/2025 16:31:49,LAVAGEM SIMPLES,38893,04/06/2025,,VEICULO NOVO  (VN),junho
04/06/2025 16:32:08,LAVAGEM SIMPLES,38139,04/06/2025,,VEICULO NOVO  (VN),junho
04/06/2025 16:32:31,LAVAGEM SIMPLES,54200,04/06/2025,,VEICULO NOVO  (VN),junho
04/06/2025 16:33:04,LAVAGEM SIMPLES,Sbx4h11,04/06/2025,,VEICULO USADO  (VU),junho
05/06/2025 16:52:36,LAVAGEM SIMPLES,54010,05/06/2025,,VEICULO NOVO  (VN),junho
05/06/2025 16:53:56,LAVAGEM SIMPLES,54205,05/06/2025,,VEICULO NOVO  (VN),junho
05/06/2025 16:55:01,LAVAGEM SIMPLES,54434,05/06/2025,,VEICULO NOVO  (VN),junho
05/06/2025 16:55:24,LAVAGEM SIMPLES,54979,05/06/2025,,VEICULO NOVO  (VN),junho
05/06/2025 16:55:49,LAVAGEM SIMPLES,39167,05/06/2025,,VEICULO NOVO  (VN),junho
05/06/2025 16:56:17,LAVAGEM SIMPLES,39244,05/06/2025,,VEICULO NOVO  (VN),junho
06/06/2025 15:39:46,LAVAGEM SIMPLES,39420,06/06/2025,,VEICULO NOVO  (VN),junho
06/06/2025 15:40:08,LAVAGEM SIMPLES,55066,06/06/2025,,VEICULO NOVO  (VN),junho
06/06/2025 15:40:37,LAVAGEM SIMPLES,55865,06/06/2025,,VEICULO NOVO  (VN),junho
06/06/2025 15:41:21,LAVAGEM SIMPLES,71312,06/06/2025,,VEICULO NOVO  (VN),junho
06/06/2025 15:41:52,LAVAGEM SIMPLES,55053,06/06/2025,,VEICULO NOVO  (VN),junho
06/06/2025 15:42:34,LAVAGEM SIMPLES,54810,06/06/2025,,VEICULO NOVO  (VN),junho
06/06/2025 15:43:02,LAVAGEM SIMPLES,39297,06/06/2025,,VEICULO NOVO  (VN),junho
06/06/2025 15:43:48,MANUTENﾃﾃグ DE VITRIFICAﾃﾃグ,Sbj1g59,06/06/2025,,"VEICULO USADO  (VU), CARRO DE OFICINA (CT)",junho
06/06/2025 15:44:33,LAVAGEM SIMPLES,Sar9f01,06/06/2025,,"VEICULO USADO  (VU), CARRO DE OFICINA (CT)",junho
09/06/2025 10:55:04,LAVAGEM SIMPLES,Sbv1j32,09/06/2025,,VEICULO USADO  (VU),junho
09/06/2025 16:23:08,LAVAGEM SIMPLES,54810,09/06/2025,,VEICULO NOVO  (VN),junho
09/06/2025 16:23:42,LAVAGEM SIMPLES,55652,09/06/2025,,VEICULO NOVO  (VN),junho
09/06/2025 16:24:07,LAVAGEM SIMPLES,55321,09/06/2025,,VEICULO NOVO  (VN),junho
09/06/2025 16:24:37,LAVAGEM SIMPLES,55045,09/06/2025,,VEICULO NOVO  (VN),junho
09/06/2025 16:25:00,LAVAGEM SIMPLES,56270,09/06/2025,,VEICULO NOVO  (VN),junho
09/06/2025 16:25:24,LAVAGEM SIMPLES,76562,09/06/2025,,VEICULO NOVO  (VN),junho
09/06/2025 16:26:27,LAVAGEM SIMPLES,Saq0i23,09/06/2025,,"VEICULO USADO  (VU), CARRO DE OFICINA (CT)",junho
10/06/2025 14:30:57,VITRICAﾃﾃグ,039501,10/06/2025,,VEICULO NOVO  (VN),junho
10/06/2025 17:34:08,LAVAGEM SIMPLES,39151,10/06/2025,,VEICULO NOVO  (VN),junho
10/06/2025 17:34:43,LAVAGEM SIMPLES,76371,10/06/2025,,VEICULO NOVO  (VN),junho
10/06/2025 17:35:10,LAVAGEM SIMPLES,58947,10/06/2025,,VEICULO NOVO  (VN),junho
10/06/2025 17:35:39,LAVAGEM SIMPLES,54979,10/06/2025,,VEICULO NOVO  (VN),junho
10/06/2025 17:36:03,LAVAGEM SIMPLES,39138,10/06/2025,,VEICULO NOVO  (VN),junho
10/06/2025 17:36:37,MANUTENﾃﾃグ DE VITRIFICAﾃﾃグ,Sbj5a32,10/06/2025,,"VEICULO USADO  (VU), CARRO DE OFICINA (CT)",junho
10/06/2025 17:37:11,LAVAGEM SIMPLES,Thr7f92,10/06/2025,,"VEICULO USADO  (VU), CARRO DE OFICINA (CT)",junho
11/06/2025 15:27:46,VITRICAﾃﾃグ,039297,11/06/2025,,VEICULO NOVO  (VN),junho
11/06/2025 15:28:22,LAVAGEM SIMPLES,70906,11/06/2025,,VEICULO NOVO  (VN),junho
11/06/2025 15:28:58,LAVAGEM SIMPLES,78326,11/06/2025,,VEICULO NOVO  (VN),junho
11/06/2025 15:29:24,LAVAGEM SIMPLES,39696,11/06/2025,,VEICULO NOVO  (VN),junho
11/06/2025 15:30:08,LAVAGEM SIMPLES,56597,11/06/2025,,VEICULO NOVO  (VN),junho
11/06/2025 15:30:46,KIT CONSERVAﾃﾃグ,Sbb6h98,11/06/2025,,"VEICULO USADO  (VU), CARRO DE OFICINA (CT)",junho
12/06/2025 17:38:40,LAVAGEM SIMPLES,54264,12/06/2025,,VEICULO NOVO  (VN),junho
12/06/2025 17:39:04,LAVAGEM SIMPLES,54409,12/06/2025,,VEICULO NOVO  (VN),junho
12/06/2025 17:39:26,LAVAGEM SIMPLES,39065,12/06/2025,,VEICULO NOVO  (VN),junho
12/06/2025 17:39:45,LAVAGEM SIMPLES,55017,12/06/2025,,VEICULO NOVO  (VN),junho
12/06/2025 17:40:06,LAVAGEM SIMPLES,55158,12/06/2025,,VEICULO NOVO  (VN),junho
12/06/2025 17:40:29,LAVAGEM SIMPLES,Sbmog38,12/06/2025,,"VEICULO USADO  (VU), CARRO DE OFICINA (CT)",junho
13/06/2025 14:32:23,LAVAGEM SIMPLES,39707,13/06/2025,,VEICULO NOVO  (VN),junho
13/06/2025 14:32:56,VITRICAﾃﾃグ,055381,13/06/2025,,VEICULO NOVO  (VN),junho
13/06/2025 14:33:18,LAVAGEM SIMPLES,54003,13/06/2025,,VEICULO NOVO  (VN),junho
13/06/2025 14:33:41,LAVAGEM SIMPLES,56833,13/06/2025,,VEICULO NOVO  (VN),junho
13/06/2025 14:34:01,LAVAGEM SIMPLES,39507,13/06/2025,,VEICULO NOVO  (VN),junho
13/06/2025 14:34:40,LAVAGEM SIMPLES,58496,13/06/2025,,VEICULO NOVO  (VN),junho
13/06/2025 14:35:00,LAVAGEM SIMPLES,39393,13/06/2025,,VEICULO NOVO  (VN),junho
13/06/2025 14:35:38,LAVAGEM SIMPLES,Sbk3b59,13/06/2025,,"VEICULO USADO  (VU), CARRO DE OFICINA (CT)",junho
13/06/2025 15:07:02,LAVAGEM SIMPLES,Saz6e27,13/06/2025,,"VEICULO USADO  (VU), CARRO DE OFICINA (CT)",junho
13/06/2025 15:52:05,LAVAGEM SIMPLES,Sbr4c05,13/06/2025,,"VEICULO USADO  (VU), CARRO DE OFICINA (CT)",junho
13/06/2025 15:52:30,LAVAGEM SIMPLES,78868,13/06/2025,,VEICULO NOVO  (VN),junho
13/06/2025 16:35:33,LAVAGEM SIMPLES,Tgg7i29,13/06/2025,,VEICULO USADO  (VU),junho
13/06/2025 16:36:38,LAVAGEM SIMPLES,Tgn9i11,13/06/2025,,"VEICULO NOVO  (VN), VEICULO USADO  (VU)",junho
13/06/2025 17:41:37,LAVAGEM SIMPLES,Rig0d92,13/06/2025,,"VEICULO USADO  (VU), CARRO DE OFICINA (CT)",junho
16/06/2025 11:21:22,LAVAGEM SIMPLES,39692,16/06/2025,,VEICULO NOVO  (VN),junho
16/06/2025 11:21:49,LAVAGEM SIMPLES,54201,16/06/2025,,VEICULO NOVO  (VN),junho
16/06/2025 11:22:14,LAVAGEM SIMPLES,54012,16/06/2025,,VEICULO NOVO  (VN),junho
16/06/2025 11:22:56,LAVAGEM SIMPLES,Sbs5g21,16/06/2025,,"VEICULO USADO  (VU), CARRO DE OFICINA (CT)",junho
16/06/2025 11:24:19,LAVAGEM SIMPLES,Tid7e02,16/06/2025,,"VEICULO USADO  (VU), CARRO DE OFICINA (CT)",junho
16/06/2025 14:09:17,LAVAGEM SIMPLES,Rlu2c27,16/06/2025,,VEICULO USADO  (VU),junho
16/06/2025 14:48:01,LAVAGEM SIMPLES,Tni2i72,16/06/2025,,"VEICULO USADO  (VU), CARRO DE OFICINA (CT)",junho
16/06/2025 17:25:58,MANUTENﾃﾃグ DE VITRIFICAﾃﾃグ,Sbv8c95,16/06/2025,,VEICULO USADO  (VU),junho
16/06/2025 17:26:33,LAVAGEM SIMPLES,Ths5f58,16/06/2025,,"VEICULO USADO  (VU), CARRO DE OFICINA (CT)",junho
16/06/2025 17:27:30,LAVAGEM SIMPLES,Sbm6j01,16/06/2025,,"VEICULO USADO  (VU), CARRO DE OFICINA (CT)",junho
17/06/2025 10:41:54,LAVAGEM SIMPLES,054808,17/06/2025,,VEICULO NOVO  (VN),junho
17/06/2025 10:42:19,LAVAGEM SIMPLES,038721,17/06/2025,,VEICULO NOVO  (VN),junho
17/06/2025 10:43:03,LAVAGEM SIMPLES,55153,17/06/2025,,VEICULO NOVO  (VN),junho
17/06/2025 10:43:45,"LAVAGEM SIMPLES, MANUTENﾃﾃグ DE VITRIFICAﾃﾃグ",Sat5c72,17/06/2025,,VEICULO USADO  (VU),junho
17/06/2025 12:03:13,LAVAGEM SIMPLES,39169,17/06/2025,,VEICULO NOVO  (VN),junho
17/06/2025 12:04:23,LAVAGEM SIMPLES,Sbc3i15,17/06/2025,,VEICULO USADO  (VU),junho
17/06/2025 14:51:40,LAVAGEM SIMPLES,54129,17/06/2025,,VEICULO NOVO  (VN),junho
17/06/2025 14:52:28,"LAVAGEM SIMPLES, MANUTENﾃﾃグ DE VITRIFICAﾃﾃグ",Tim9h19,17/06/2025,,"VEICULO USADO  (VU), CARRO DE OFICINA (CT)",junho
17/06/2025 15:28:11,LAVAGEM SIMPLES,Scu6a32,17/06/2025,,VEICULO USADO  (VU),junho
17/06/2025 16:38:48,MANUTENﾃﾃグ DE VITRIFICAﾃﾃグ,Tif9g49,17/06/2025,,"VEICULO USADO  (VU), CARRO DE OFICINA (CT)",junho
18/06/2025 11:32:58,LAVAGEM SIMPLES,54130,18/06/2025,,VEICULO NOVO  (VN),junho
18/06/2025 11:33:20,LAVAGEM SIMPLES,54133,18/06/2025,,VEICULO NOVO  (VN),junho
18/06/2025 11:33:40,LAVAGEM SIMPLES,53938,18/06/2025,,VEICULO NOVO  (VN),junho
18/06/2025 11:34:01,LAVAGEM SIMPLES,58377,18/06/2025,,VEICULO NOVO  (VN),junho
18/06/2025 14:09:07,"KIT CONSERVAﾃﾃグ, VERNIZ DE MOTOR",Rih3h00,18/06/2025,,"VEICULO USADO  (VU), CARRO DE OFICINA (CT)",junho
18/06/2025 15:14:47,"KIT CONSERVAﾃﾃグ, VERNIZ DE MOTOR",Sbl4e91,18/06/2025,,"VEICULO USADO  (VU), CARRO DE OFICINA (CT)",junho
20/06/2025 11:54:29,LAVAGEM ESPECIAL,54734,20/06/2025,,VEICULO NOVO  (VN),junho
20/06/2025 11:55:00,LAVAGEM SIMPLES,78906,20/06/2025,,VEICULO NOVO  (VN),junho
20/06/2025 11:55:44,MANUTENﾃﾃグ DE VITRIFICAﾃﾃグ,Tif7d68,20/06/2025,,"VEICULO USADO  (VU), CARRO DE OFICINA (CT)",junho
20/06/2025 14:58:03,LAVAGEM SIMPLES,Sbp7c67,20/06/2025,,"VEICULO USADO  (VU), CARRO DE OFICINA (CT)",junho
20/06/2025 14:59:06,"LAVAGEM SIMPLES, MANUTENﾃﾃグ DE VITRIFICAﾃﾃグ",Tin4e38,20/06/2025,,"VEICULO USADO  (VU), CARRO DE OFICINA (CT)",junho
20/06/2025 16:25:30,LAVAGEM SIMPLES,Say8d35,20/06/2025,,VEICULO USADO  (VU),junho
20/06/2025 16:25:55,LAVAGEM SIMPLES,Sat2d23,20/06/2025,,VEICULO USADO  (VU),junho
23/06/2025 17:51:50,LAVAGEM SIMPLES,54476,23/06/2025,,VEICULO NOVO  (VN),junho
23/06/2025 17:52:37,"KIT CONSERVAﾃﾃグ, VERNIZ DE MOTOR",Saz2i87,23/06/2025,,VEICULO USADO  (VU),junho
23/06/2025 17:53:23,"KIT CONSERVAﾃﾃグ, VERNIZ DE MOTOR",Sba7a54,23/06/2025,,"VEICULO USADO  (VU), CARRO DE OFICINA (CT)",junho
23/06/2025 17:53:53,LAVAGEM SIMPLES,Sbt4a22,23/06/2025,,"VEICULO USADO  (VU), CARRO DE OFICINA (CT)",junho
23/06/2025 17:54:25,LAVAGEM SIMPLES,Ric2d64,23/06/2025,,"VEICULO USADO  (VU), CARRO DE OFICINA (CT)",junho
23/06/2025 17:55:05,LAVAGEM SIMPLES,Sbf6f24,23/06/2025,,"VEICULO USADO  (VU), CARRO DE OFICINA (CT)",junho
24/06/2025 16:28:35,LAVAGEM SIMPLES,Sba2j45,24/06/2025,,"VEICULO USADO  (VU), CARRO DE OFICINA (CT)",junho
24/06/2025 16:29:48,POLIMENTO,Thn8i82,24/06/2025,Descontaminaﾃｧﾃ｣o de pintura ,VEICULO USADO  (VU),junho
25/06/2025 11:42:48,LAVAGEM SIMPLES,58477,25/06/2025,,VEICULO NOVO  (VN),junho
25/06/2025 11:43:17,LAVAGEM SIMPLES,77916,25/06/2025,,VEICULO NOVO  (VN),junho
25/06/2025 11:43:51,LAVAGEM SIMPLES,39728,25/06/2025,,VEICULO NOVO  (VN),junho
25/06/2025 13:44:32,LAVAGEM SIMPLES,Sbo2j11,25/06/2025,,"VEICULO USADO  (VU), CARRO DE OFICINA (CT)",junho
25/06/2025 15:14:09,"LAVAGEM ESPECIAL, MANUTENﾃﾃグ DE VITRIFICAﾃﾃグ",Rik4a72,25/06/2025,,"VEICULO USADO  (VU), CARRO DE OFICINA (CT)",junho
25/06/2025 15:16:02,"KIT CONSERVAﾃﾃグ, VERNIZ DE MOTOR",Sbh0h03,25/06/2025,,"VEICULO USADO  (VU), CARRO DE OFICINA (CT)",junho
25/06/2025 16:42:33,LAVAGEM SIMPLES,Pog4722,25/06/2025,,CARRO DE OFICINA (CT),junho
26/06/2025 13:00:15,LAVAGEM SIMPLES,59105,26/06/2025,,VEICULO NOVO  (VN),junho
26/06/2025 13:00:49,LAVAGEM SIMPLES,Pto3j39,26/06/2025,,VEICULO USADO  (VU),junho
26/06/2025 13:01:35,LAVAGEM SIMPLES,Tin1a88,26/06/2025,,"VEICULO USADO  (VU), CARRO DE OFICINA (CT)",junho
26/06/2025 13:02:14,LAVAGEM SIMPLES,58626,26/06/2025,,VEICULO NOVO  (VN),junho
26/06/2025 14:56:40,LAVAGEM SIMPLES,871921,26/06/2025,,VEICULO NOVO  (VN),junho
26/06/2025 15:29:49,LAVAGEM SIMPLES,Ths2f39,26/06/2025,,"VEICULO USADO  (VU), CARRO DE OFICINA (CT)",junho
26/06/2025 15:37:44,LAVAGEM SIMPLES,Sbb8h25,26/06/2025,,"VEICULO USADO  (VU), CARRO DE OFICINA (CT)",junho
26/06/2025 17:22:25,VITRICAﾃﾃグ,Tin8j78,26/06/2025,,"VEICULO USADO  (VU), CARRO DE OFICINA (CT)",junho
27/06/2025 09:05:11,LAVAGEM SIMPLES,059295,27/06/2025,,VEICULO NOVO  (VN),junho
27/06/2025 10:51:36,LAVAGEM SIMPLES,Tht2g59,27/06/2025,,"VEICULO USADO  (VU), CARRO DE OFICINA (CT)",junho
27/06/2025 10:52:49,LAVAGEM SIMPLES,39442,27/06/2025,,VEICULO NOVO  (VN),junho
27/06/2025 10:53:20,LAVAGEM SIMPLES,58700,27/06/2025,,VEICULO NOVO  (VN),junho
27/06/2025 13:37:00,VITRICAﾃﾃグ,039702,27/06/2025,,VEICULO NOVO  (VN),junho
27/06/2025 14:25:55,"KIT CONSERVAﾃﾃグ, VERNIZ DE MOTOR",Rbk8j57,27/06/2025,,CARRO DE OFICINA (CT),junho
27/06/2025 14:27:12,LAVAGEM SIMPLES,39785,27/06/2025,,VEICULO NOVO  (VN),junho
30/06/2025 12:55:24,LAVAGEM SIMPLES,58742,30/06/2025,,VEICULO NOVO  (VN),junho
30/06/2025 12:55:47,LAVAGEM SIMPLES,59284,30/06/2025,,VEICULO NOVO  (VN),junho
30/06/2025 12:56:32,LAVAGEM SIMPLES,Sgw2d73,30/06/2025,,CARRO DE OFICINA (CT),junho
30/06/2025 17:13:05,LAVAGEM SIMPLES,79702,30/06/2025,,VEICULO NOVO  (VN),junho
30/06/2025 17:13:27,LAVAGEM SIMPLES,79327,30/06/2025,,VEICULO NOVO  (VN),junho
01/07/2025 11:16:23,KIT CONSERVAﾃﾃグ,Rie0a59,01/07/2025,,VEICULO USADO  (VU),julho
01/07/2025 11:17:06,LAVAGEM SIMPLES,54550,01/07/2025,,VEICULO NOVO  (VN),julho
01/07/2025 15:05:04,LAVAGEM SIMPLES,Sap1c24,01/07/2025,,CARRO DE OFICINA (CT),julho
01/07/2025 15:05:29,LAVAGEM SIMPLES,56042,01/07/2025,,VEICULO NOVO  (VN),julho
01/07/2025 15:05:53,LAVAGEM SIMPLES,40050,01/07/2025,,VEICULO NOVO  (VN),julho
01/07/2025 15:06:17,LAVAGEM SIMPLES,40331,01/07/2025,,VEICULO NOVO  (VN),julho
02/07/2025 09:12:40,LAVAGEM SIMPLES,58701,02/07/2025,,VEICULO NOVO  (VN),julho
02/07/2025 09:13:10,LAVAGEM SIMPLES,0050,02/07/2025,Anotado hoje,VEICULO NOVO  (VN),julho
02/07/2025 10:52:01,MANUTENﾃﾃグ DE VITRIFICAﾃﾃグ,Saz3b43,02/07/2025,,CARRO DE OFICINA (CT),julho
02/07/2025 10:52:43,"KIT CONSERVAﾃﾃグ, VERNIZ DE MOTOR",Sbd1g39,02/07/2025,,CARRO DE OFICINA (CT),julho
02/07/2025 10:55:02,LAVAGEM SIMPLES,60104,02/07/2025,,VEICULO NOVO  (VN),julho
02/07/2025 13:25:55,LAVAGEM SIMPLES,Rgl3b13,02/07/2025,,CARRO DE OFICINA (CT),julho
02/07/2025 13:26:47,LAVAGEM SIMPLES,59669,02/07/2025,,VEICULO NOVO  (VN),julho
03/07/2025 08:51:57,LAVAGEM SIMPLES,59291,02/07/2025,,VEICULO NOVO  (VN),julho
03/07/2025 08:52:33,LAVAGEM SIMPLES,59184,02/07/2025,,VEICULO NOVO  (VN),julho
03/07/2025 10:22:35,LAVAGEM SIMPLES,58699,03/07/2025,,VEICULO NOVO  (VN),julho
03/07/2025 10:23:44,LAVAGEM SIMPLES,59866,03/07/2025,,VEICULO NOVO  (VN),julho
03/07/2025 10:25:32,LAVAGEM SIMPLES,58858,03/07/2025,,VEICULO NOVO  (VN),julho
03/07/2025 11:39:33,LAVAGEM SIMPLES,79302,03/07/2025,,VEICULO NOVO  (VN),julho
03/07/2025 11:39:54,LAVAGEM SIMPLES,59433,03/07/2025,,,julho
03/07/2025 14:10:55,LAVAGEM SIMPLES,Sas8f29,03/07/2025,,CARRO DE OFICINA (CT),julho
03/07/2025 14:36:38,LAVAGEM SIMPLES,39141,03/07/2025,,VEICULO NOVO  (VN),julho
03/07/2025 16:16:43,LAVAGEM SIMPLES,Sba6f38,03/07/2025,,CARRO DE OFICINA (CT),julho
03/07/2025 16:17:40,MANUTENﾃﾃグ DE VITRIFICAﾃﾃグ,Sbq8d33,03/07/2025,,CARRO DE OFICINA (CT),julho
03/07/2025 16:18:35,LAVAGEM SIMPLES,Sbu4f92,03/07/2025,,CARRO DE OFICINA (CT),julho
04/07/2025 09:29:21,LAVAGEM SIMPLES,58542,04/07/2025,,VEICULO NOVO  (VN),julho
04/07/2025 09:29:53,LAVAGEM SIMPLES,Osp0j93,04/07/2025,,CARRO DE OFICINA (CT),julho
04/07/2025 10:14:17,LAVAGEM SIMPLES,58698,04/07/2025,,VEICULO NOVO  (VN),julho
04/07/2025 10:14:43,LAVAGEM SIMPLES,58738,04/07/2025,,VEICULO NOVO  (VN),julho
04/07/2025 10:15:46,LAVAGEM SIMPLES,39853,04/07/2025,,VEICULO NOVO  (VN),julho
04/07/2025 10:55:56,"KIT CONSERVAﾃﾃグ, VERNIZ DE MOTOR",Sbu7d43,04/07/2025,,CARRO DE OFICINA (CT),julho
04/07/2025 13:59:34,LAVAGEM SIMPLES,Ria7f72,04/07/2025,,VEICULO USADO  (VU),julho
04/07/2025 15:08:06,LAVAGEM SIMPLES,Sbv6b36,04/07/2025,,VEICULO USADO  (VU),julho
04/07/2025 15:09:07,LAVAGEM SIMPLES,Sbb1c08,04/07/2025,,VEICULO USADO  (VU),julho
04/07/2025 15:10:46,LAVAGEM SIMPLES,Thv0b18,04/07/2025,,CARRO DE OFICINA (CT),julho
04/07/2025 15:11:18,LAVAGEM SIMPLES,Tij9d51,04/07/2025,,CARRO DE OFICINA (CT),julho
04/07/2025 16:11:28,LAVAGEM SIMPLES,Rbk4i60,04/07/2025,,CARRO DE OFICINA (CT),julho