Carimbo de data/hora,"TIPO DE SERVIÇO
",CHASSI/PLACA,DATA DA REALIZAÇÃO DO SERVIÇO,OBSERVAÇÕES,SETOR,MÊS
05/03/2025 15:15:22,CARRO DE OFICINA (CT),TNH=0B19,05/03/2025,,,março
06/03/2025 09:39:11,CARRO DE OFICINA (CT),SBL=2D64,06/03/2025,,,março
06/03/2025 09:58:56,CARRO DE OFICINA (CT),SBQ=4E57,06/03/2025,,,março
06/03/2025 09:59:36,CARRO DE OFICINA (CT),SNT=3B96,06/03/2025,,,março
06/03/2025 11:28:13,CARRO DE OFICINA (CT),SBV=3D60,06/03/2025,,,março
06/03/2025 14:25:13,CARRO DE OFICINA (CT),POU=1D32,06/03/2025,,,março
06/03/2025 14:25:41,CARRO DE OFICINA (CT),SBM=2J69,06/03/2025,,,março
06/03/2025 15:55:07,CARRO DE OFICINA (CT),RIG=3C21,06/03/2025,,,março
06/03/2025 15:55:54,CARRO DE OFICINA (CT),SBN=9J73,06/03/2025,,,março
06/03/2025 15:57:58,CARRO DE OFICINA (CT),TIL=7E18,06/03/2025,,,março
07/03/2025 18:58:48,VEICULO USADO  (VU),SAO=4G63,07/03/2025,,,março
07/03/2025 18:59:44,CARRO DE OFICINA (CT),SAZ=4F89,07/03/2025,,,março
07/03/2025 19:00:40,CARRO DE OFICINA (CT),RGJ=4A40,07/03/2025,,,março
07/03/2025 19:01:13,CARRO DE OFICINA (CT),THX=7E99,07/03/2025,,,março
07/03/2025 19:01:46,CARRO DE OFICINA (CT),SDG=9D57,07/03/2025,,,março
07/03/2025 19:02:07,VEICULO NOVO  (VN),119136,07/03/2025,,,março
07/03/2025 19:02:41,CARRO DE OFICINA (CT),PBI=6402,07/03/2025,,,março
07/03/2025 19:03:11,VEICULO NOVO  (VN),119314,07/03/2025,,,março
07/03/2025 19:03:36,VEICULO NOVO  (VN),107458,07/03/2025,,,março
07/03/2025 19:04:01,CARRO DE OFICINA (CT),SAX=9I46,07/03/2025,,,março
07/03/2025 19:04:25,CARRO DE OFICINA (CT),SBD=9A33,07/03/2025,,,março
08/03/2025 10:51:56,VEICULO NOVO  (VN),107174,08/03/2025,,,março
08/03/2025 11:06:21,CARRO DE OFICINA (CT),SAY=2C64,08/03/2025,,,março
10/03/2025 10:35:30,CARRO DE OFICINA (CT),SAW=0I16,10/03/2025,,,março
10/03/2025 11:49:55,CARRO DE OFICINA (CT),POW=3309,10/03/2025,,,março
10/03/2025 11:50:51,VITRICAÇÃO,100201,10/03/2025,,,março
10/03/2025 15:41:34,VEICULO NOVO  (VN),106769,10/03/2025,,,março
11/03/2025 09:28:35,CARRO DE OFICINA (CT),OCJ=6C26,11/03/2025,,,março
11/03/2025 09:29:05,CARRO DE OFICINA (CT),SAW=5B98,11/03/2025,,,março
11/03/2025 11:06:33,CARRO DE OFICINA (CT),SBN=3E62,11/03/2025,,,março
11/03/2025 14:29:39,CARRO DE OFICINA (CT),SAN=3H62,11/03/2025,,,março
11/03/2025 14:29:59,VEICULO NOVO  (VN),816233,11/03/2025,,,março
11/03/2025 15:35:13,CARRO DE OFICINA (CT),SBT=6F44,11/03/2025,,,março
11/03/2025 17:41:05,VEICULO NOVO  (VN),823001,11/03/2025,,,março
11/03/2025 17:42:19,VEICULO NOVO  (VN),102537,11/03/2025,,,março
11/03/2025 17:44:30,CARRO DE OFICINA (CT),POC=6331,11/03/2025,,,março
12/03/2025 09:58:23,VEICULO NOVO  (VN),101692,12/03/2025,,,março
12/03/2025 09:59:01,CARRO DE OFICINA (CT),TII=6G48,12/03/2025,,,março
12/03/2025 14:02:00,VEICULO NOVO  (VN),105059,12/03/2025,,,março
12/03/2025 14:02:35,CARRO DE OFICINA (CT),SBS=3J18,12/03/2025,,,março
12/03/2025 14:03:12,CARRO DE OFICINA (CT),SBF=1E37,12/03/2025,,,março
12/03/2025 14:04:06,VEICULO NOVO  (VN),107586,12/03/2025,,,março
14/03/2025 15:48:01,CARRO DE OFICINA (CT),PMF 3058,14/03/2025,,,março
14/03/2025 15:48:36,VEICULO NOVO  (VN),031467,14/03/2025,,,março
14/03/2025 15:49:04,CARRO DE OFICINA (CT),SBQ=2D45,14/03/2025,,,março
14/03/2025 15:49:48,CARRO DE OFICINA (CT),SBG=5G60,14/03/2025,,,março
14/03/2025 15:50:34,CARRO DE OFICINA (CT),PNI=2319,14/03/2025,,,março
14/03/2025 15:51:07,CARRO DE OFICINA (CT),SBE=8I59,14/03/2025,,,março
14/03/2025 15:51:45,CARRO DE OFICINA (CT),TIB=4H19,14/03/2025,,,março
14/03/2025 15:52:12,CARRO DE OFICINA (CT),PNA=2572,14/03/2025,,,março
14/03/2025 17:00:33,CARRO DE OFICINA (CT),SBH=6A48,14/03/2025,,,março
14/03/2025 17:03:05,CARRO DE OFICINA (CT),SBH=6A48,14/03/2025,,,março
14/03/2025 17:03:48,VEICULO USADO  (VU),SBA=6B22,14/03/2025,,,março
14/03/2025 18:11:04,CARRO DE OFICINA (CT),RIH=JB85,13/03/2025,,,março
14/03/2025 18:13:13,VEICULO NOVO  (VN),RIC=9A41,13/03/2025,,,março
14/03/2025 18:14:38,CARRO DE OFICINA (CT),SBD=4D94,13/03/2025,,,março
15/03/2025 10:35:32,VEICULO NOVO  (VN),1362,15/03/2025,,,março
15/03/2025 10:35:58,CARRO DE OFICINA (CT),SLN=6F65,15/03/2025,,,março
15/03/2025 10:39:26,VEICULO NOVO  (VN),103175,15/03/2025,,,março
15/03/2025 11:16:38,CARRO DE OFICINA (CT),SBC=9A40,15/03/2025,,,março
15/03/2025 11:17:42,VEICULO NOVO  (VN),825522,15/03/2025,,,março
17/03/2025 11:19:52,VEICULO NOVO  (VN),819107,17/03/2025,,,março
17/03/2025 11:20:11,VEICULO NOVO  (VN),102976,17/03/2025,,,março
17/03/2025 11:20:33,CARRO DE OFICINA (CT),PNU=0233,17/03/2025,,,março
17/03/2025 11:21:03,CARRO DE OFICINA (CT),SAX=6C56,17/03/2025,,,março
17/03/2025 11:48:41,CARRO DE OFICINA (CT),SAW=9C02,17/03/2025,,,março
17/03/2025 15:16:49,VEICULO NOVO  (VN),105651,17/03/2025,,,março
17/03/2025 15:17:33,CARRO DE OFICINA (CT),NQS=7749,17/03/2025,,,março
17/03/2025 16:32:48,VEICULO NOVO  (VN),101692,17/03/2025,,,março
17/03/2025 16:33:24,VEICULO USADO  (VU),SBA=6B22,17/03/2025,,,março
17/03/2025 16:34:23,VEICULO NOVO  (VN),105651,17/03/2025,,,março
18/03/2025 09:26:22,VEICULO USADO  (VU),SAO=4G63,18/03/2025,,,março
18/03/2025 10:46:48,CARRO DE OFICINA (CT),SBL=6A63,18/03/2025,,,março
18/03/2025 11:22:02,CARRO DE OFICINA (CT),SAV=5E10,18/03/2025,,,março
18/03/2025 11:27:21,CARRO DE OFICINA (CT),SAS=3I95,18/03/2025,,,março
18/03/2025 15:45:04,CARRO DE OFICINA (CT),SBD=4J08,18/03/2025,,,março
18/03/2025 15:45:37,CARRO DE OFICINA (CT),PMW=7356,18/03/2025,,,março
21/03/2025 18:40:01,CARRO DE OFICINA (CT),PMR=2974,20/03/2025,,,março
21/03/2025 18:40:30,CARRO DE OFICINA (CT),SBC=3G33,20/03/2025,,,março
21/03/2025 18:40:56,CARRO DE OFICINA (CT),RIK=4F09,20/03/2025,,,março
21/03/2025 18:41:30,CARRO DE OFICINA (CT),SBU=1I30,20/03/2025,,,março
21/03/2025 18:42:01,CARRO DE OFICINA (CT),OIE=7H44,20/03/2025,,,março
21/03/2025 18:42:39,CARRO DE OFICINA (CT),SBP=1023,20/03/2025,,,março
21/03/2025 18:43:21,CARRO DE OFICINA (CT),SBJ=7G89,20/03/2025,,,março
21/03/2025 18:44:14,CARRO DE OFICINA (CT),107146,20/03/2025,,,março
21/03/2025 18:46:26,CARRO DE OFICINA (CT),SBB=4H42,21/03/2025,,,março
21/03/2025 18:46:56,CARRO DE OFICINA (CT),RIL=3F43,21/03/2025,,,março
21/03/2025 18:47:34,CARRO DE OFICINA (CT),SAP=4G02,21/03/2025,,,março
21/03/2025 18:48:01,CARRO DE OFICINA (CT),SBA=6B22,21/03/2025,,,março
21/03/2025 18:48:39,CARRO DE OFICINA (CT),OIQ=6G88,21/03/2025,,,março
21/03/2025 18:49:28,CARRO DE OFICINA (CT),SBN=OD90,21/03/2025,,,março
21/03/2025 18:50:06,CARRO DE OFICINA (CT),RIB=9I90,21/03/2025,,,março
21/03/2025 18:50:37,CARRO DE OFICINA (CT),SAP=2J80,21/03/2025,,,março
21/03/2025 18:51:03,VEICULO NOVO  (VN),104585,21/03/2025,,,março
21/03/2025 18:52:25,VEICULO NOVO  (VN),FIB=3F81,21/03/2025,,,março
22/03/2025 11:08:27,CARRO DE OFICINA (CT),POD=4894,22/03/2025,,,março
24/03/2025 18:52:21,VEICULO NOVO  (VN),5940,24/03/2025,,,março
24/03/2025 18:53:02,CARRO DE OFICINA (CT),SBO=1I46,24/03/2025,,,março
24/03/2025 18:53:40,CARRO DE OFICINA (CT),RIG=4I02,24/03/2025,,,março
24/03/2025 18:54:13,CARRO DE OFICINA (CT),SKJ=4G67,24/03/2025,,,março
24/03/2025 18:54:54,CARRO DE OFICINA (CT),SBE=4E91,24/03/2025,,,março
24/03/2025 18:56:36,CARRO DE OFICINA (CT),SSR=4E25,24/03/2025,,,março
26/03/2025 10:51:25,VEICULO NOVO  (VN),816301,26/03/2025,,,março
26/03/2025 11:36:22,VEICULO USADO  (VU),TIB=3F81,26/03/2025,,,março
28/03/2025 17:01:49,CARRO DE OFICINA (CT),RII=3F77,27/03/2025,,,março
28/03/2025 17:02:11,VEICULO NOVO  (VN),105635,27/03/2025,,,março
28/03/2025 17:02:47,CARRO DE OFICINA (CT),RIK=5G02,27/03/2025,,,março
28/03/2025 17:04:02,CARRO DE OFICINA (CT),SBJ=0J32,27/03/2025,,,março
28/03/2025 17:04:58,CARRO DE OFICINA (CT),SAT=3I82,27/03/2025,,,março
28/03/2025 17:05:23,VEICULO NOVO  (VN),107967,27/03/2025,,,março
28/03/2025 17:05:58,CARRO DE OFICINA (CT),SAU=6H48,27/03/2025,,,março
28/03/2025 17:06:24,CARRO DE OFICINA (CT),SAO=4D92,27/03/2025,,,março
28/03/2025 17:08:20,CARRO DE OFICINA (CT),SBP=5C57,28/03/2025,,,março
28/03/2025 17:08:58,CARRO DE OFICINA (CT),SBF=0J72,28/03/2025,,,março
28/03/2025 17:09:37,CARRO DE OFICINA (CT),SBU=0I15,28/03/2025,,,março
28/03/2025 17:10:14,CARRO DE OFICINA (CT),SBI=1E74,28/03/2025,,,março
28/03/2025 17:10:39,CARRO DE OFICINA (CT),SBB=7J88,28/03/2025,,,março
28/03/2025 17:11:12,CARRO DE OFICINA (CT),SBP=1D23,28/03/2025,,,março
28/03/2025 17:13:30,CARRO DE OFICINA (CT),TIB=3I61,26/03/2025,,,março
28/03/2025 17:14:04,CARRO DE OFICINA (CT),SAY=8H90,26/03/2025,,,março
28/03/2025 17:14:33,CARRO DE OFICINA (CT),SAP=9H57,26/03/2025,,,março
28/03/2025 17:15:01,CARRO DE OFICINA (CT),TIN=0F79,26/03/2025,,,março
28/03/2025 17:15:38,CARRO DE OFICINA (CT),PNW=5E44,26/03/2025,,,março
29/03/2025 09:41:32,CARRO DE OFICINA (CT),SBS=8E32,29/03/2025,,,março
29/03/2025 09:59:46,CARRO DE OFICINA (CT),THU=5A71,29/03/2025,,,março
29/03/2025 10:00:23,CARRO DE OFICINA (CT),SBT=7G04,29/03/2025,,,março
29/03/2025 10:00:53,CARRO DE OFICINA (CT),SBC=5C02,29/03/2025,,,março
31/03/2025 10:41:42,CARRO DE OFICINA (CT),SAT=1J76,31/03/2025,,,março
31/03/2025 14:47:46,VEICULO NOVO  (VN),818046,31/03/2025,,,março
31/03/2025 14:48:42,CARRO DE OFICINA (CT),SBS=9E88,31/03/2025,,,março
31/03/2025 15:37:25,CARRO DE OFICINA (CT),RIE=9F86,31/03/2025,,,março
01/04/2025 10:06:49,LAVAGEM SIMPLES,SAY=7H01,01/04/2025,,CARRO DE OFICINA (CT),abril
01/04/2025 10:07:27,LAVAGEM SIMPLES,RGH=7A51,01/04/2025,,CARRO DE OFICINA (CT),abril
01/04/2025 10:54:09,LAVAGEM SIMPLES,SBO=6H51,01/04/2025,,CARRO DE OFICINA (CT),abril
01/04/2025 15:57:30,KIT CONSERVAÇÃO,SBO=6H51,01/04/2025,,CARRO DE OFICINA (CT),abril
01/04/2025 15:58:17,LAVAGEM SIMPLES,SAQ=7G26,01/04/2025,,CARRO DE OFICINA (CT),abril
02/04/2025 10:21:30,LAVAGEM SIMPLES,107668,02/04/2025,,VEICULO NOVO  (VN),abril
02/04/2025 10:30:07,LAVAGEM SIMPLES,107245,02/04/2025,,VEICULO NOVO  (VN),abril
02/04/2025 10:31:15,LAVAGEM SIMPLES,107543,02/04/2025,,VEICULO NOVO  (VN),abril
02/04/2025 15:44:35,LAVAGEM SIMPLES,SAX=3A67,02/04/2025,,CARRO DE OFICINA (CT),abril
02/04/2025 16:02:41,LAVAGEM SIMPLES,POH=8H63,02/04/2025,,CARRO DE OFICINA (CT),abril
03/04/2025 11:18:24,KIT CONSERVAÇÃO,PNT=9462,03/04/2025,,CARRO DE OFICINA (CT),abril
03/04/2025 11:19:01,LAVAGEM SIMPLES,POC=5F71,03/04/2025,,CARRO DE OFICINA (CT),abril
03/04/2025 11:19:35,LAVAGEM SIMPLES,THP=4B68,03/04/2025,,CARRO DE OFICINA (CT),abril
03/04/2025 11:20:22,LAVAGEM SIMPLES,TTI=0J38,03/04/2025,,CARRO DE OFICINA (CT),abril
03/04/2025 11:20:48,LAVAGEM SIMPLES,SBB=9B06,03/04/2025,,CARRO DE OFICINA (CT),abril
03/04/2025 11:21:21,LAVAGEM SIMPLES,POQ=6E64,03/04/2025,,CARRO DE OFICINA (CT),abril
03/04/2025 15:43:09,LAVAGEM SIMPLES,POQ=6E64,03/04/2025,,CARRO DE OFICINA (CT),abril
03/04/2025 15:52:04,LAVAGEM SIMPLES,SAT=5B47,03/04/2025,,CARRO DE OFICINA (CT),abril
03/04/2025 17:43:59,LAVAGEM SIMPLES,RQH=5D09,03/04/2025,,CARRO DE OFICINA (CT),abril
03/04/2025 17:44:19,LAVAGEM SIMPLES,106530,03/04/2025,,VEICULO NOVO  (VN),abril
03/04/2025 17:44:46,LAVAGEM SIMPLES,RII=7E42,03/04/2025,,CARRO DE OFICINA (CT),abril
04/04/2025 09:23:31,LAVAGEM SIMPLES,SAU=6C12,04/04/2025,,CARRO DE OFICINA (CT),abril
04/04/2025 17:30:08,LAVAGEM SIMPLES,271055,04/04/2025,,VEICULO NOVO  (VN),abril
04/04/2025 17:31:49,LAVAGEM SIMPLES,RIH=3E41,04/04/2025,,CARRO DE OFICINA (CT),abril
04/04/2025 17:32:23,LAVAGEM SIMPLES,RIJ=7F31,04/04/2025,,CARRO DE OFICINA (CT),abril
04/04/2025 17:33:31,LAVAGEM SIMPLES,TIF=7H39,04/04/2025,,VEICULO USADO  (VU),abril
04/04/2025 17:34:51,LAVAGEM SIMPLES,SBR=5E14,04/04/2025,,CARRO DE OFICINA (CT),abril
04/04/2025 17:37:06,LAVAGEM SIMPLES,OCM=8I55,04/04/2025,,CARRO DE OFICINA (CT),abril
07/04/2025 09:38:17,LAVAGEM SIMPLES,RIB=2F65,05/04/2025,,CARRO DE OFICINA (CT),abril
07/04/2025 09:38:47,LAVAGEM SIMPLES,SAH=8I71,05/04/2025,,CARRO DE OFICINA (CT),abril
07/04/2025 09:39:22,LAVAGEM SIMPLES,SBO=6F87,05/04/2025,,CARRO DE OFICINA (CT),abril
07/04/2025 09:39:53,LAVAGEM SIMPLES,SBF=0F07,05/04/2025,,CARRO DE OFICINA (CT),abril
07/04/2025 09:40:37,LAVAGEM SIMPLES,SBC=5C02,05/04/2025,,VEICULO USADO  (VU),abril
07/04/2025 09:41:04,LAVAGEM SIMPLES,102547,05/04/2025,,VEICULO NOVO  (VN),abril
07/04/2025 09:41:54,LAVAGEM SIMPLES,SAO=4G63,07/04/2025,,VEICULO USADO  (VU),abril
07/04/2025 10:44:29,LAVAGEM SIMPLES,103167,07/04/2025,,VEICULO NOVO  (VN),abril
07/04/2025 10:44:52,LAVAGEM SIMPLES,SBS=4C51,07/04/2025,,CARRO DE OFICINA (CT),abril
07/04/2025 10:45:14,LAVAGEM SIMPLES,SAP=7B09,07/04/2025,,CARRO DE OFICINA (CT),abril
07/04/2025 15:05:43,LAVAGEM SIMPLES,POO=5091,07/04/2025,,CARRO DE OFICINA (CT),abril
07/04/2025 15:07:03,LAVAGEM SIMPLES,PNA=1H92,07/04/2025,,VEICULO USADO  (VU),abril
07/04/2025 15:07:39,LAVAGEM SIMPLES,SAS=2B17,07/04/2025,,CARRO DE OFICINA (CT),abril
07/04/2025 16:33:24,LAVAGEM SIMPLES,SBC=5C02,07/04/2025,,CARRO DE OFICINA (CT),abril
08/04/2025 17:44:49,LAVAGEM SIMPLES,191698,08/04/2025,,VEICULO NOVO  (VN),abril
09/04/2025 08:38:23,LAVAGEM SIMPLES,SBA=6B22,08/04/2025,,VEICULO USADO  (VU),abril
09/04/2025 08:39:11,LAVAGEM SIMPLES,SBQ=2D45,08/04/2025,,CARRO DE OFICINA (CT),abril
09/04/2025 08:40:10,LAVAGEM SIMPLES,RSG=4D73,08/04/2025,,CARRO DE OFICINA (CT),abril
09/04/2025 08:40:52,LAVAGEM SIMPLES,RWU=6D71,08/04/2025,,CARRO DE OFICINA (CT),abril
09/04/2025 08:41:41,LAVAGEM SIMPLES,THS=8B91,08/04/2025,,CARRO DE OFICINA (CT),abril
09/04/2025 08:42:22,LAVAGEM SIMPLES,QRT=2J80,08/04/2025,,CARRO DE OFICINA (CT),abril
09/04/2025 08:42:59,LAVAGEM SIMPLES,SBC=5I11,08/04/2025,,CARRO DE OFICINA (CT),abril
09/04/2025 08:43:49,LAVAGEM SIMPLES,KRV=9F07,08/04/2025,,CARRO DE OFICINA (CT),abril
09/04/2025 08:44:20,LAVAGEM SIMPLES,SBT=3H65,08/04/2025,,CARRO DE OFICINA (CT),abril
09/04/2025 08:44:55,LAVAGEM SIMPLES,POD=0A39,08/04/2025,,CARRO DE OFICINA (CT),abril
09/04/2025 08:45:47,LAVAGEM SIMPLES,POD=0A39,08/04/2025,,CARRO DE OFICINA (CT),abril
09/04/2025 08:46:22,LAVAGEM SIMPLES,SAX=5Q66,08/04/2025,,CARRO DE OFICINA (CT),abril
10/04/2025 07:38:07,LAVAGEM SIMPLES,TIJ=5G68,09/04/2025,,CARRO DE OFICINA (CT),abril
10/04/2025 07:38:53,LAVAGEM SIMPLES,TIJ=3J08,09/04/2025,,CARRO DE OFICINA (CT),abril
10/04/2025 07:39:51,LAVAGEM SIMPLES,PMZ=9752,09/04/2025,,CARRO DE OFICINA (CT),abril
10/04/2025 07:41:31,"KIT CONSERVAÇÃO, VERNIZ DE MOTOR",SBB=0A73,09/04/2025,,CARRO DE OFICINA (CT),abril
10/04/2025 07:42:11,LAVAGEM SIMPLES,PMN=1F43,09/04/2025,,CARRO DE OFICINA (CT),abril
10/04/2025 07:42:45,LAVAGEM SIMPLES,SBD=3B79,09/04/2025,,CARRO DE OFICINA (CT),abril
10/04/2025 07:43:21,LAVAGEM SIMPLES,SAX=6G79,09/04/2025,,CARRO DE OFICINA (CT),abril
11/04/2025 10:09:31,LAVAGEM SIMPLES,RIB=0C17,10/04/2025,,CARRO DE OFICINA (CT),abril
11/04/2025 10:09:54,LAVAGEM SIMPLES,106115,10/04/2025,,VEICULO NOVO  (VN),abril
11/04/2025 10:10:23,LAVAGEM SIMPLES,825359,10/04/2025,,VEICULO NOVO  (VN),abril
11/04/2025 10:10:58,LAVAGEM SIMPLES,105816,10/04/2025,,VEICULO NOVO  (VN),abril
11/04/2025 10:11:27,LAVAGEM SIMPLES,100328,10/04/2025,,VEICULO NOVO  (VN),abril
11/04/2025 10:11:54,LAVAGEM SIMPLES,SAP=2G95,10/04/2025,,CARRO DE OFICINA (CT),abril
11/04/2025 10:12:35,LAVAGEM SIMPLES,816054,11/04/2025,,VEICULO NOVO  (VN),abril
11/04/2025 10:13:21,LAVAGEM SIMPLES,108630,11/04/2025,,VEICULO NOVO  (VN),abril
11/04/2025 10:16:34,LAVAGEM SIMPLES,108630,11/04/2025,,VEICULO NOVO  (VN),abril
12/04/2025 13:29:19,LAVAGEM SIMPLES,SBF=9H10,11/04/2025,,CARRO DE OFICINA (CT),abril
12/04/2025 13:29:54,LAVAGEM SIMPLES,OAE=9499,11/04/2025,,CARRO DE OFICINA (CT),abril
12/04/2025 13:30:26,LAVAGEM SIMPLES,SBN=7I67,11/04/2025,,CARRO DE OFICINA (CT),abril
12/04/2025 13:30:53,LAVAGEM SIMPLES,819610,11/04/2025,,VEICULO NOVO  (VN),abril
12/04/2025 13:32:12,LAVAGEM SIMPLES,SAP=3A97,11/04/2025,,CARRO DE OFICINA (CT),abril
12/04/2025 13:32:53,LAVAGEM SIMPLES,SBK=3F55,11/04/2025,,CARRO DE OFICINA (CT),abril
12/04/2025 13:33:44,LAVAGEM SIMPLES,THU=0H19,12/04/2025,,CARRO DE OFICINA (CT),abril
12/04/2025 13:34:42,LAVAGEM SIMPLES,SBB=1E87,12/04/2025,,CARRO DE OFICINA (CT),abril
14/04/2025 11:03:08,LAVAGEM SIMPLES,SBT=7C51,14/04/2025,,CARRO DE OFICINA (CT),abril
14/04/2025 11:03:40,LAVAGEM SIMPLES,QGZ=2905,14/04/2025,,CARRO DE OFICINA (CT),abril
14/04/2025 14:30:20,LAVAGEM SIMPLES,TIJ=7E71,14/04/2025,,CARRO DE OFICINA (CT),abril
14/04/2025 14:32:03,KIT CONSERVAÇÃO,SAX=9B47,14/04/2025,,CARRO DE OFICINA (CT),abril
14/04/2025 17:13:23,LAVAGEM SIMPLES,POQ=6E64,14/04/2025,,CARRO DE OFICINA (CT),abril
14/04/2025 17:13:59,LAVAGEM SIMPLES,TIC=4E71,14/04/2025,,CARRO DE OFICINA (CT),abril
14/04/2025 17:14:43,LAVAGEM SIMPLES,QGF=2905,14/04/2025,,CARRO DE OFICINA (CT),abril
17/04/2025 09:01:14,LAVAGEM SIMPLES,OZA=9252,17/04/2025,,CARRO DE OFICINA (CT),abril
17/04/2025 09:02:50,LAVAGEM SIMPLES,810997,17/04/2025,,VEICULO NOVO  (VN),abril
17/04/2025 09:03:38,LAVAGEM SIMPLES,QNV=3045,15/04/2025,,CARRO DE OFICINA (CT),abril
17/04/2025 09:04:45,LAVAGEM SIMPLES,EKU=7G46,15/04/2025,,CARRO DE OFICINA (CT),abril
17/04/2025 09:05:13,LAVAGEM SIMPLES,109010,15/04/2025,,VEICULO NOVO  (VN),abril
17/04/2025 09:05:50,LAVAGEM SIMPLES,RIK=8D06,15/04/2025,,CARRO DE OFICINA (CT),abril
17/04/2025 09:06:39,VITRICAÇÃO,THP=0I31,15/04/2025,,VEICULO USADO  (VU),abril
17/04/2025 09:07:29,LAVAGEM SIMPLES,SAZ=0F95,15/04/2025,,CARRO DE OFICINA (CT),abril
17/04/2025 09:08:25,KIT CONSERVAÇÃO,SBV=3B60,16/04/2025,,CARRO DE OFICINA (CT),abril
17/04/2025 09:08:51,LAVAGEM SIMPLES,272005,16/04/2025,,VEICULO NOVO  (VN),abril
17/04/2025 09:09:28,LAVAGEM SIMPLES,RIE=9D07,16/04/2025,,CARRO DE OFICINA (CT),abril
17/04/2025 09:10:02,LAVAGEM SIMPLES,SBA=6B22,16/04/2025,,VEICULO USADO  (VU),abril
17/04/2025 09:10:43,LAVAGEM SIMPLES,PON=5G63,16/04/2025,,CARRO DE OFICINA (CT),abril
17/04/2025 09:11:22,LAVAGEM SIMPLES,SHY=0A42,16/04/2025,,CARRO DE OFICINA (CT),abril
17/04/2025 09:11:51,LAVAGEM SIMPLES,SBH=9J48,16/04/2025,,CARRO DE OFICINA (CT),abril
17/04/2025 09:12:19,LAVAGEM SIMPLES,SAR=7A87,16/04/2025,,CARRO DE OFICINA (CT),abril
17/04/2025 09:12:57,LAVAGEM SIMPLES,105449,16/04/2025,,VEICULO NOVO  (VN),abril
22/04/2025 08:53:14,KIT CONSERVAÇÃO,SAR=9E80,17/04/2025,,CARRO DE OFICINA (CT),abril
22/04/2025 08:53:58,KIT CONSERVAÇÃO,SBB=0H38,17/04/2025,,CARRO DE OFICINA (CT),abril
22/04/2025 08:54:33,LAVAGEM SIMPLES,TII=6G48,17/04/2025,,CARRO DE OFICINA (CT),abril
22/04/2025 08:55:29,KIT CONSERVAÇÃO,SBI=8J21,17/04/2025,,CARRO DE OFICINA (CT),abril
22/04/2025 08:56:03,LAVAGEM SIMPLES,RII=6G06,17/04/2025,,CARRO DE OFICINA (CT),abril
23/04/2025 08:37:41,LAVAGEM SIMPLES,SAO=4G63,23/04/2025,,CARRO DE OFICINA (CT),abril
23/04/2025 08:38:05,LAVAGEM SIMPLES,111105,23/04/2025,,VEICULO NOVO  (VN),abril
23/04/2025 08:39:20,KIT CONSERVAÇÃO,SAW=9C37,22/04/2025,,CARRO DE OFICINA (CT),abril
23/04/2025 08:40:05,LAVAGEM SIMPLES,THN=2A31,22/04/2025,,CARRO DE OFICINA (CT),abril
23/04/2025 08:40:40,LAVAGEM SIMPLES,SBJ=3C78,22/04/2025,,CARRO DE OFICINA (CT),abril
24/04/2025 18:44:49,LAVAGEM SIMPLES,SBC=0B29,23/04/2025,,CARRO DE OFICINA (CT),abril
24/04/2025 18:45:54,LAVAGEM SIMPLES,SAN=9A87,23/04/2025,,CARRO DE OFICINA (CT),abril
24/04/2025 18:47:00,LAVAGEM SIMPLES,TIB=3I61,23/04/2025,,VEICULO USADO  (VU),abril
24/04/2025 18:47:49,KIT CONSERVAÇÃO,SBR=5C31,23/04/2025,,CARRO DE OFICINA (CT),abril
24/04/2025 18:48:31,LAVAGEM SIMPLES,SBS=3G31,23/04/2025,,CARRO DE OFICINA (CT),abril
24/04/2025 18:49:32,LAVAGEM SIMPLES,RQE=7B05,23/04/2025,,CARRO DE OFICINA (CT),abril
24/04/2025 18:50:12,LAVAGEM SIMPLES,SBS=3692,23/04/2025,,CARRO DE OFICINA (CT),abril
24/04/2025 18:51:03,LAVAGEM SIMPLES,102374,24/04/2025,,VEICULO NOVO  (VN),abril
24/04/2025 18:51:51,LAVAGEM SIMPLES,111831,24/04/2025,,VEICULO NOVO  (VN),abril
24/04/2025 18:52:40,KIT CONSERVAÇÃO,SBM=6H65,24/04/2025,,CARRO DE OFICINA (CT),abril
24/04/2025 18:54:18,LAVAGEM SIMPLES,SAQ=4I89,24/04/2025,,CARRO DE OFICINA (CT),abril
24/04/2025 18:54:57,LAVAGEM SIMPLES,PON=1G71,24/04/2025,,CARRO DE OFICINA (CT),abril
24/04/2025 18:56:11,KIT CONSERVAÇÃO,ORX=2A02,24/04/2025,,CARRO DE OFICINA (CT),abril
24/04/2025 18:56:57,KIT CONSERVAÇÃO,RIL=0C71,24/04/2025,,CARRO DE OFICINA (CT),abril
24/04/2025 18:58:46,KIT CONSERVAÇÃO,SAU=4E41,24/04/2025,,CARRO DE OFICINA (CT),abril
25/04/2025 17:56:23,LAVAGEM SIMPLES,SBL=9D47,25/04/2025,,CARRO DE OFICINA (CT),abril
25/04/2025 17:56:58,LAVAGEM SIMPLES,ROL=2A52,25/04/2025,,CARRO DE OFICINA (CT),abril
25/04/2025 17:58:08,"IMPERMEABILIZAÇÃO DE BANCOS, MANUTENÇÃO DE VITRIFICAÇÃO",RIH=6C34,25/04/2025,,VEICULO USADO  (VU),abril
25/04/2025 17:58:31,LAVAGEM SIMPLES,SBB=2C42,25/04/2025,,CARRO DE OFICINA (CT),abril
25/04/2025 17:59:06,KIT CONSERVAÇÃO,SAX=8D32,25/04/2025,,CARRO DE OFICINA (CT),abril
28/04/2025 10:08:32,KIT CONSERVAÇÃO,SBR=5C21,26/04/2025,,CARRO DE OFICINA (CT),abril
28/04/2025 10:09:03,LAVAGEM SIMPLES,104718,26/04/2025,,VEICULO NOVO  (VN),abril
28/04/2025 10:10:09,LAVAGEM SIMPLES,SBJ=4F89,26/04/2025,,CARRO DE OFICINA (CT),abril
28/04/2025 10:10:52,MANUTENÇÃO DE VITRIFICAÇÃO,TIK=5H69,26/04/2025,,VEICULO USADO  (VU),abril
28/04/2025 10:11:30,LAVAGEM SIMPLES,SAW=0C52,28/04/2025,,CARRO DE OFICINA (CT),abril
29/04/2025 08:22:27,LAVAGEM SIMPLES,SAP=2D52,28/04/2025,,CARRO DE OFICINA (CT),abril
29/04/2025 08:23:14,LAVAGEM SIMPLES,SBM=6H65,28/04/2025,,CARRO DE OFICINA (CT),abril
29/04/2025 08:23:51,LAVAGEM SIMPLES,TIJ=7B18,28/04/2025,,CARRO DE OFICINA (CT),abril
29/04/2025 08:24:39,LAVAGEM SIMPLES,SBL=0A90,28/04/2025,,CARRO DE OFICINA (CT),abril
29/04/2025 08:25:24,LAVAGEM SIMPLES,RIL=8D12,28/04/2025,,CARRO DE OFICINA (CT),abril
29/04/2025 08:26:02,KIT CONSERVAÇÃO,SBM=2D68,28/04/2025,,CARRO DE OFICINA (CT),abril
02/05/2025 08:14:04,KIT CONSERVAÇÃO,SAQ=1C24,29/04/2025,,CARRO DE OFICINA (CT),abril
02/05/2025 08:14:42,LAVAGEM SIMPLES,SAV=2E71,29/04/2025,,CARRO DE OFICINA (CT),abril
02/05/2025 08:15:26,KIT CONSERVAÇÃO,SBI=4A02,29/04/2025,,CARRO DE OFICINA (CT),abril
02/05/2025 08:15:54,LAVAGEM SIMPLES,112502,29/04/2025,,VEICULO NOVO  (VN),abril
02/05/2025 08:16:35,LAVAGEM SIMPLES,SAX=7J40,30/04/2025,,CARRO DE OFICINA (CT),abril
02/05/2025 08:17:08,LAVAGEM SIMPLES,SBO=6H51,30/04/2025,,CARRO DE OFICINA (CT),abril
02/05/2025 08:17:38,LAVAGEM SIMPLES,SBP=1D23,30/04/2025,,CARRO DE OFICINA (CT),abril
02/05/2025 08:18:18,KIT CONSERVAÇÃO,SBN=6E18,30/04/2025,,CARRO DE OFICINA (CT),abril
02/05/2025 08:18:59,LAVAGEM SIMPLES,RIG=4B22,30/04/2025,,CARRO DE OFICINA (CT),abril
02/05/2025 08:19:32,LAVAGEM SIMPLES,SBN=6E18,30/04/2025,,CARRO DE OFICINA (CT),abril
02/05/2025 08:20:07,LAVAGEM SIMPLES,SAQ=7G26,30/04/2025,,CARRO DE OFICINA (CT),abril
02/05/2025 08:20:44,LAVAGEM SIMPLES,SBC=0B29,30/04/2025,,CARRO DE OFICINA (CT),abril
02/05/2025 08:21:48,KIT CONSERVAÇÃO,SBK=0E26,30/04/2025,,CARRO DE OFICINA (CT),abril
02/05/2025 08:23:45,LAVAGEM SIMPLES,SBJ=3C78,30/04/2025,,CARRO DE OFICINA (CT),abril
05/05/2025 10:32:57,LAVAGEM SIMPLES,SBD=5E96,02/05/2025,,CARRO DE OFICINA (CT),maio
05/05/2025 10:33:35,LAVAGEM ESPECIAL,SAN=0B65,02/05/2025,,CARRO DE OFICINA (CT),maio
05/05/2025 10:34:13,KIT CONSERVAÇÃO,SBD=8F08,02/05/2025,,CARRO DE OFICINA (CT),maio
05/05/2025 10:35:03,KIT CONSERVAÇÃO,POC=6171,02/05/2025,,CARRO DE OFICINA (CT),maio
05/05/2025 10:36:01,LAVAGEM SIMPLES,SBJ=1J45,02/05/2025,,CARRO DE OFICINA (CT),maio
05/05/2025 10:36:38,LAVAGEM SIMPLES,SAT=7E49,02/05/2025,,CARRO DE OFICINA (CT),maio
05/05/2025 10:37:06,LAVAGEM SIMPLES,RIH=3H05,02/05/2025,,CARRO DE OFICINA (CT),maio
05/05/2025 10:38:08,LAVAGEM SIMPLES,SBP=3C82,03/05/2025,,CARRO DE OFICINA (CT),maio
05/05/2025 10:38:43,LAVAGEM SIMPLES,TIG=3I08,03/05/2025,,CARRO DE OFICINA (CT),maio
05/05/2025 10:39:33,LAVAGEM SIMPLES,PNA=1862,03/05/2025,,CARRO DE OFICINA (CT),maio
05/05/2025 10:40:17,LAVAGEM SIMPLES,TIA=1C98,03/05/2025,,CARRO DE OFICINA (CT),maio
05/05/2025 10:41:10,LAVAGEM SIMPLES,RIL=1I69,03/05/2025,,CARRO DE OFICINA (CT),maio
05/05/2025 10:46:47,KIT CONSERVAÇÃO,POV=9H02,03/05/2025,,CARRO DE OFICINA (CT),maio
06/05/2025 21:08:50,LAVAGEM SIMPLES,SBQ9G42,05/05/2025,,CARRO DE OFICINA (CT),maio
06/05/2025 21:09:44,LAVAGEM SIMPLES,113552,05/05/2025,,VEICULO NOVO  (VN),maio
06/05/2025 21:10:21,VITRICAÇÃO,102537,05/05/2025,,VEICULO NOVO  (VN),maio
06/05/2025 21:11:33,LAVAGEM SIMPLES,SAW9C02,05/05/2025,,CARRO DE OFICINA (CT),maio
06/05/2025 21:12:29,LAVAGEM SIMPLES,TIM7A39,05/05/2025,,CARRO DE OFICINA (CT),maio
06/05/2025 21:13:09,LAVAGEM SIMPLES,OIQ6G68,05/05/2025,,CARRO DE OFICINA (CT),maio
06/05/2025 21:13:52,KIT CONSERVAÇÃO,SBD8F08,05/05/2025,,CARRO DE OFICINA (CT),maio
07/05/2025 08:26:23,LAVAGEM SIMPLES,SBJ=3D52,06/05/2025,,CARRO DE OFICINA (CT),maio
07/05/2025 08:29:56,LAVAGEM SIMPLES,TIN=0F79,06/05/2025,,CARRO DE OFICINA (CT),maio
07/05/2025 08:30:48,LAVAGEM SIMPLES,POU=0I95,06/05/2025,,CARRO DE OFICINA (CT),maio
07/05/2025 08:31:37,LAVAGEM SIMPLES,114400,06/05/2025,,CARRO DE OFICINA (CT),maio
07/05/2025 08:32:39,LAVAGEM SIMPLES,EWD=1E73,06/05/2025,,CARRO DE OFICINA (CT),maio
09/05/2025 08:42:53,KIT CONSERVAÇÃO,RIK=0A32,07/05/2025,,CARRO DE OFICINA (CT),maio
09/05/2025 08:43:31,LAVAGEM SIMPLES,SBD=9B48,07/05/2025,,CARRO DE OFICINA (CT),maio
09/05/2025 08:44:04,LAVAGEM ESPECIAL,SBT=2J98,07/05/2025,,CARRO DE OFICINA (CT),maio
09/05/2025 08:44:50,VITRICAÇÃO,112963,07/05/2025,,VEICULO NOVO  (VN),maio
09/05/2025 08:45:21,LAVAGEM SIMPLES,815070,08/05/2025,,VEICULO NOVO  (VN),maio
09/05/2025 08:45:56,LAVAGEM SIMPLES,SBC=5C02,08/05/2025,,VEICULO USADO  (VU),maio
09/05/2025 08:46:31,LAVAGEM SIMPLES,SAX=7H24,08/05/2025,,CARRO DE OFICINA (CT),maio
09/05/2025 08:47:25,LAVAGEM SIMPLES,SAO=4G63,08/05/2025,,VEICULO USADO  (VU),maio
09/05/2025 08:48:08,LAVAGEM SIMPLES,824610,08/05/2025,,VEICULO NOVO  (VN),maio
09/05/2025 08:48:45,KIT CONSERVAÇÃO,SBE=2I85,09/05/2025,,CARRO DE OFICINA (CT),maio
12/05/2025 09:34:24,LAVAGEM SIMPLES,SBC=0B29,09/05/2025,,CARRO DE OFICINA (CT),maio
12/05/2025 09:35:12,LAVAGEM SIMPLES,EEJ=3C39,09/05/2025,,CARRO DE OFICINA (CT),maio
12/05/2025 09:35:37,LAVAGEM SIMPLES,THR=6B09,09/05/2025,,CARRO DE OFICINA (CT),maio
12/05/2025 09:36:05,LAVAGEM SIMPLES,POT=7395,09/05/2025,,CARRO DE OFICINA (CT),maio
12/05/2025 09:36:37,LAVAGEM SIMPLES,TIB=4H19,09/05/2025,,CARRO DE OFICINA (CT),maio
12/05/2025 09:37:39,LAVAGEM SIMPLES,259216,09/05/2025,,VEICULO NOVO  (VN),maio
12/05/2025 09:38:20,LAVAGEM SIMPLES,SBI=7A96,09/05/2025,,CARRO DE OFICINA (CT),maio
12/05/2025 09:38:46,KIT CONSERVAÇÃO,SAQ=1B70,09/05/2025,,CARRO DE OFICINA (CT),maio
12/05/2025 09:39:15,LAVAGEM SIMPLES,TIG=9B49,09/05/2025,,CARRO DE OFICINA (CT),maio
12/05/2025 09:40:39,KIT CONSERVAÇÃO,TIG=3I08,09/05/2025,,CARRO DE OFICINA (CT),maio
12/05/2025 09:41:44,LAVAGEM SIMPLES,SAQ=7G26,10/05/2025,,CARRO DE OFICINA (CT),maio
12/05/2025 09:42:12,LAVAGEM SIMPLES,OIF=8601,10/05/2025,,CARRO DE OFICINA (CT),maio
12/05/2025 09:42:44,LAVAGEM SIMPLES,SBJ=5I63,10/05/2025,,CARRO DE OFICINA (CT),maio
12/05/2025 09:43:18,LAVAGEM SIMPLES,RIL=4I98,10/05/2025,,CARRO DE OFICINA (CT),maio
12/05/2025 09:43:43,LAVAGEM SIMPLES,SAT=7J02,10/05/2025,,CARRO DE OFICINA (CT),maio
13/05/2025 08:30:11,KIT CONSERVAÇÃO,SAQ=3D75,12/05/2025,,CARRO DE OFICINA (CT),maio
13/05/2025 08:31:07,LAVAGEM SIMPLES,165506,12/05/2025,,VEICULO NOVO  (VN),maio
13/05/2025 08:31:59,LAVAGEM SIMPLES,PNG=5325,12/05/2025,,CARRO DE OFICINA (CT),maio
13/05/2025 18:09:36,LAVAGEM SIMPLES,113865,13/05/2025,,VEICULO NOVO  (VN),maio
13/05/2025 18:10:05,LAVAGEM SIMPLES,114630,13/05/2025,,VEICULO NOVO  (VN),maio
13/05/2025 18:11:45,LAVAGEM SIMPLES,ORV=6126,13/05/2025,,CARRO DE OFICINA (CT),maio
13/05/2025 18:12:16,LAVAGEM SIMPLES,SBG=9I62,13/05/2025,,CARRO DE OFICINA (CT),maio
13/05/2025 18:13:06,LAVAGEM SIMPLES,SAP=0G52,13/05/2025,,CARRO DE OFICINA (CT),maio
13/05/2025 18:13:42,LAVAGEM SIMPLES,THY=8G39,13/05/2025,,CARRO DE OFICINA (CT),maio
13/05/2025 18:14:40,LAVAGEM SIMPLES,112272,13/05/2025,,VEICULO NOVO  (VN),maio
14/05/2025 18:06:47,LAVAGEM SIMPLES,QGL=3228,14/05/2025,,CARRO DE OFICINA (CT),maio
14/05/2025 18:07:19,VITRICAÇÃO,114649,14/05/2025,,VEICULO NOVO  (VN),maio
14/05/2025 18:07:56,LAVAGEM SIMPLES,TIC=6I26,14/05/2025,,CARRO DE OFICINA (CT),maio
14/05/2025 18:08:30,LAVAGEM SIMPLES,SBF=7H62,14/05/2025,,CARRO DE OFICINA (CT),maio
14/05/2025 18:08:58,LAVAGEM SIMPLES,PNM=8A93,14/05/2025,,CARRO DE OFICINA (CT),maio
14/05/2025 18:09:29,LAVAGEM SIMPLES,SBO=3A67,14/05/2025,,CARRO DE OFICINA (CT),maio
14/05/2025 18:10:26,LAVAGEM SIMPLES,SAO=9J38,14/05/2025,,CARRO DE OFICINA (CT),maio
14/05/2025 18:11:07,LAVAGEM SIMPLES,SBJ=7A83,14/05/2025,,CARRO DE OFICINA (CT),maio
15/05/2025 21:04:19,LAVAGEM SIMPLES,SBD=5E96,15/05/2025,,CARRO DE OFICINA (CT),maio
15/05/2025 21:05:37,LAVAGEM SIMPLES,POJ=5978,15/05/2025,,CARRO DE OFICINA (CT),maio
15/05/2025 21:06:05,LAVAGEM SIMPLES,RIK=9J31,15/05/2025,,CARRO DE OFICINA (CT),maio
15/05/2025 21:06:35,LAVAGEM SIMPLES,TIN=9F01,15/05/2025,,CARRO DE OFICINA (CT),maio
15/05/2025 21:07:23,LAVAGEM SIMPLES,PNS=3E43,15/05/2025,,CARRO DE OFICINA (CT),maio
15/05/2025 21:08:00,LAVAGEM SIMPLES,RIG=3E23,15/05/2025,,CARRO DE OFICINA (CT),maio
15/05/2025 21:08:45,VITRICAÇÃO,114649,15/05/2025,,VEICULO NOVO  (VN),maio
15/05/2025 21:09:34,LAVAGEM SIMPLES,SBH=9E52,15/05/2025,,CARRO DE OFICINA (CT),maio
15/05/2025 21:10:05,LAVAGEM SIMPLES,SBL=4C55,15/05/2025,,CARRO DE OFICINA (CT),maio
15/05/2025 21:11:00,LAVAGEM SIMPLES,SAQ=3D75,15/05/2025,,CARRO DE OFICINA (CT),maio
15/05/2025 21:11:48,LAVAGEM SIMPLES,SBF=5I06,15/05/2025,,CARRO DE OFICINA (CT),maio
19/05/2025 12:07:42,VITRICAÇÃO,111571,16/05/2025,,VEICULO NOVO  (VN),maio
19/05/2025 12:08:29,LAVAGEM SIMPLES,SAP=2J80,16/05/2025,,CARRO DE OFICINA (CT),maio
19/05/2025 12:09:02,LAVAGEM ESPECIAL,RIJ=9I42,16/05/2025,,CARRO DE OFICINA (CT),maio
19/05/2025 12:10:01,LAVAGEM SIMPLES,POD=ZC23,16/05/2025,,CARRO DE OFICINA (CT),maio
19/05/2025 12:10:48,LAVAGEM SIMPLES,FPL=8D31,16/05/2025,,CARRO DE OFICINA (CT),maio
19/05/2025 12:11:13,LAVAGEM SIMPLES,SAN=0B65,16/05/2025,,CARRO DE OFICINA (CT),maio
19/05/2025 12:12:48,LAVAGEM SIMPLES,TIB=3I61,16/05/2025,,VEICULO USADO  (VU),maio
19/05/2025 12:13:59,LAVAGEM SIMPLES,SBB=6B16,16/05/2025,,CARRO DE OFICINA (CT),maio
19/05/2025 18:21:51,POLIMENTO,SBT=7H34,19/05/2025,,VEICULO USADO  (VU),maio
19/05/2025 18:22:36,LAVAGEM SIMPLES,SBC=5C02,19/05/2025,,VEICULO USADO  (VU),maio
19/05/2025 18:23:24,LAVAGEM SIMPLES,SBS=3692,19/05/2025,,CARRO DE OFICINA (CT),maio
19/05/2025 18:24:01,LAVAGEM SIMPLES,111208,19/05/2025,,VEICULO NOVO  (VN),maio
19/05/2025 18:24:55,POLIMENTO,PDO=1E77,19/05/2025,,VEICULO USADO  (VU),maio
20/05/2025 22:50:15,LAVAGEM SIMPLES,THU=6H79,20/05/2025,,CARRO DE OFICINA (CT),maio
20/05/2025 22:50:46,LAVAGEM SIMPLES,PNU=0233,20/05/2025,,CARRO DE OFICINA (CT),maio
20/05/2025 22:51:16,LAVAGEM SIMPLES,RBH=2H96,20/05/2025,,CARRO DE OFICINA (CT),maio
20/05/2025 22:52:31,KIT CONSERVAÇÃO,SAT=1E02,20/05/2025,,CARRO DE OFICINA (CT),maio
20/05/2025 22:53:04,LAVAGEM SIMPLES,SBV=5A84,20/05/2025,,CARRO DE OFICINA (CT),maio
20/05/2025 22:53:53,LAVAGEM SIMPLES,SAX=7H24,20/05/2025,,CARRO DE OFICINA (CT),maio
20/05/2025 22:54:33,LAVAGEM SIMPLES,QFS=2E24,20/05/2025,,CARRO DE OFICINA (CT),maio
20/05/2025 22:54:59,LAVAGEM SIMPLES,SBN=8A29,20/05/2025,,CARRO DE OFICINA (CT),maio
20/05/2025 22:56:09,LAVAGEM SIMPLES,SAV=2F91,20/05/2025,,CARRO DE OFICINA (CT),maio
20/05/2025 22:57:57,LAVAGEM SIMPLES,SAQ=7G26,20/05/2025,,CARRO DE OFICINA (CT),maio
20/05/2025 22:59:08,LAVAGEM SIMPLES,SAN=2A32,20/05/2025,,CARRO DE OFICINA (CT),maio
20/05/2025 22:59:37,VITRICAÇÃO,106115,20/05/2025,,VEICULO NOVO  (VN),maio
23/05/2025 08:05:20,LAVAGEM SIMPLES,113182,21/05/2025,,VEICULO NOVO  (VN),maio
23/05/2025 08:05:55,LAVAGEM SIMPLES,103754,21/05/2025,,VEICULO NOVO  (VN),maio
23/05/2025 08:06:34,LAVAGEM SIMPLES,POO=5O91,21/05/2025,,CARRO DE OFICINA (CT),maio
23/05/2025 08:07:08,LAVAGEM SIMPLES,SAR=9J19,21/05/2025,,CARRO DE OFICINA (CT),maio
23/05/2025 08:07:49,LAVAGEM SIMPLES,POH=7775,21/05/2025,,CARRO DE OFICINA (CT),maio
23/05/2025 08:08:31,KIT CONSERVAÇÃO,SAX=7A72,22/05/2025,,CARRO DE OFICINA (CT),maio
23/05/2025 08:08:59,LAVAGEM SIMPLES,PNS=7069,22/05/2025,,CARRO DE OFICINA (CT),maio
23/05/2025 08:09:41,LAVAGEM SIMPLES,FUJ=8203,22/05/2025,,CARRO DE OFICINA (CT),maio
23/05/2025 08:10:24,LAVAGEM SIMPLES,RIJ=5I09,22/05/2025,,CARRO DE OFICINA (CT),maio
23/05/2025 08:11:01,LAVAGEM SIMPLES,SBG=5H58,22/05/2025,,CARRO DE OFICINA (CT),maio
27/05/2025 20:35:41,LAVAGEM SIMPLES,SAS=6A18,23/05/2025,,CARRO DE OFICINA (CT),maio
27/05/2025 20:36:17,KIT CONSERVAÇÃO,PNB=1D31,23/05/2025,,CARRO DE OFICINA (CT),maio
27/05/2025 20:36:54,LAVAGEM SIMPLES,SBJ=0C08,23/05/2025,,CARRO DE OFICINA (CT),maio
27/05/2025 20:37:24,LAVAGEM SIMPLES,SBP=9A27,23/05/2025,,CARRO DE OFICINA (CT),maio
27/05/2025 20:38:02,LAVAGEM SIMPLES,SAI=8G10,23/05/2025,,CARRO DE OFICINA (CT),maio
27/05/2025 20:38:30,LAVAGEM SIMPLES,SAX=9I46,23/05/2025,,CARRO DE OFICINA (CT),maio
27/05/2025 20:39:01,LAVAGEM SIMPLES,145466,23/05/2025,,VEICULO NOVO  (VN),maio
27/05/2025 20:39:47,LAVAGEM SIMPLES,TIA=1C98,23/05/2025,,CARRO DE OFICINA (CT),maio
27/05/2025 20:42:01,KIT CONSERVAÇÃO,SAU=6H48,23/05/2025,,CARRO DE OFICINA (CT),maio
27/05/2025 20:42:31,LAVAGEM SIMPLES,SBH=7H52,23/05/2025,,CARRO DE OFICINA (CT),maio
27/05/2025 20:43:04,KIT CONSERVAÇÃO,SBH=7H52,23/05/2025,,CARRO DE OFICINA (CT),maio
27/05/2025 20:43:38,POLIMENTO,PNI=3D77,23/05/2025,,VEICULO USADO  (VU),maio
27/05/2025 20:44:20,LAVAGEM ESPECIAL,SAW=8E47,23/05/2025,,CARRO DE OFICINA (CT),maio
27/05/2025 20:44:59,LAVAGEM SIMPLES,SBM=1J48,24/05/2025,,CARRO DE OFICINA (CT),maio
27/05/2025 20:45:35,KIT CONSERVAÇÃO,SAT=3G78,24/05/2025,,CARRO DE OFICINA (CT),maio
27/05/2025 20:46:05,LAVAGEM ESPECIAL,SAW=0I91,24/05/2025,,CARRO DE OFICINA (CT),maio
27/05/2025 20:46:38,LAVAGEM SIMPLES,ROF=6I71,24/05/2025,,CARRO DE OFICINA (CT),maio
27/05/2025 20:47:26,LAVAGEM SIMPLES,PNM=1F43,24/05/2025,,CARRO DE OFICINA (CT),maio
27/05/2025 20:47:55,LAVAGEM SIMPLES,113402,24/05/2025,,VEICULO NOVO  (VN),maio
27/05/2025 20:49:12,LAVAGEM SIMPLES,PNP=3E43,24/05/2025,,CARRO DE OFICINA (CT),maio
27/05/2025 20:49:57,LAVAGEM SIMPLES,113686,26/05/2025,,VEICULO NOVO  (VN),maio
27/05/2025 20:50:58,LAVAGEM SIMPLES,108210,26/05/2025,,VEICULO NOVO  (VN),maio
27/05/2025 20:51:42,POLIMENTO,SBR=4E40,26/05/2025,,VEICULO USADO  (VU),maio
27/05/2025 20:52:14,LAVAGEM SIMPLES,POJ=5978,26/05/2025,,CARRO DE OFICINA (CT),maio
27/05/2025 20:52:38,LAVAGEM SIMPLES,SAN=0B65,26/05/2025,,CARRO DE OFICINA (CT),maio
27/05/2025 20:53:06,LAVAGEM SIMPLES,TIL=5B29,26/05/2025,,CARRO DE OFICINA (CT),maio
27/05/2025 20:53:36,LAVAGEM SIMPLES,PMP=7G42,26/05/2025,,CARRO DE OFICINA (CT),maio
27/05/2025 20:54:21,LAVAGEM SIMPLES,PMP=7242,27/05/2025,,CARRO DE OFICINA (CT),maio
27/05/2025 20:54:51,LAVAGEM SIMPLES,THW=2H48,27/05/2025,,CARRO DE OFICINA (CT),maio
27/05/2025 20:55:21,LAVAGEM SIMPLES,SBN=9J05,27/05/2025,,CARRO DE OFICINA (CT),maio
28/05/2025 18:36:21,LAVAGEM SIMPLES,RIL=1I69,28/05/2025,,CARRO DE OFICINA (CT),maio
28/05/2025 18:36:38,LAVAGEM SIMPLES,115175,28/05/2025,,VEICULO NOVO  (VN),maio
28/05/2025 18:36:59,LAVAGEM SIMPLES,115753,28/05/2025,,VEICULO NOVO  (VN),maio
28/05/2025 18:37:24,LAVAGEM SIMPLES,RIL=3F43,28/05/2025,,CARRO DE OFICINA (CT),maio
28/05/2025 18:37:45,LAVAGEM SIMPLES,SAO=0F21,28/05/2025,,VEICULO USADO  (VU),maio
31/05/2025 10:27:21,KIT CONSERVAÇÃO,POR=6126,31/05/2025,,CARRO DE OFICINA (CT),maio
31/05/2025 10:27:52,LAVAGEM SIMPLES,TIF=1J51,31/05/2025,,CARRO DE OFICINA (CT),maio
31/05/2025 10:28:17,LAVAGEM SIMPLES,200621,31/05/2025,,VEICULO NOVO  (VN),maio
31/05/2025 11:15:30,LAVAGEM SIMPLES,SAU=0F33,31/05/2025,,CARRO DE OFICINA (CT),maio
02/06/2025 20:43:13,LAVAGEM SIMPLES,271055,02/06/2025,,CARRO DE OFICINA (CT),junho
02/06/2025 20:43:41,LAVAGEM SIMPLES,SBF=9D82,02/06/2025,,CARRO DE OFICINA (CT),junho
02/06/2025 20:44:42,LAVAGEM SIMPLES,THX=5G21,02/06/2025,,CARRO DE OFICINA (CT),junho
02/06/2025 20:45:45,LAVAGEM SIMPLES,RIL=1J10,02/06/2025,,CARRO DE OFICINA (CT),junho
02/06/2025 20:46:24,LAVAGEM SIMPLES,SAO=4G65,02/06/2025,,CARRO DE OFICINA (CT),junho
02/06/2025 20:47:07,LAVAGEM SIMPLES,SBD=9A33,02/06/2025,,CARRO DE OFICINA (CT),junho
02/06/2025 20:47:43,LAVAGEM SIMPLES,SBT=6C22,02/06/2025,,CARRO DE OFICINA (CT),junho
02/06/2025 20:48:26,KIT CONSERVAÇÃO,POZ=2A14,02/06/2025,,CARRO DE OFICINA (CT),junho
04/06/2025 18:19:14,LAVAGEM SIMPLES,275399,03/06/2025,,VEICULO NOVO  (VN),junho
04/06/2025 18:19:47,LAVAGEM SIMPLES,SBO=5G69,03/06/2025,,CARRO DE OFICINA (CT),junho
04/06/2025 18:20:25,LAVAGEM SIMPLES,THU=6I71,03/06/2025,,CARRO DE OFICINA (CT),junho
04/06/2025 18:21:02,KIT CONSERVAÇÃO,SBE=6C25,03/06/2025,,CARRO DE OFICINA (CT),junho
04/06/2025 18:21:50,LAVAGEM SIMPLES,SBP=3I32,03/06/2025,,CARRO DE OFICINA (CT),junho
04/06/2025 18:23:58,LAVAGEM SIMPLES,RXR=4E05,03/06/2025,,CARRO DE OFICINA (CT),junho
04/06/2025 18:25:17,LAVAGEM SIMPLES,113347,04/06/2025,,VEICULO NOVO  (VN),junho
04/06/2025 18:25:53,LAVAGEM SIMPLES,SBJ=6D92,04/06/2025,,CARRO DE OFICINA (CT),junho
04/06/2025 18:26:14,LAVAGEM SIMPLES,SAQ=3D03,04/06/2025,,CARRO DE OFICINA (CT),junho
04/06/2025 18:26:44,LAVAGEM SIMPLES,115124,04/06/2025,,VEICULO NOVO  (VN),junho
04/06/2025 18:27:16,LAVAGEM SIMPLES,201287,04/06/2025,,VEICULO NOVO  (VN),junho
04/06/2025 18:27:41,LAVAGEM SIMPLES,SAO=0F21,04/06/2025,,CARRO DE OFICINA (CT),junho
04/06/2025 18:28:01,LAVAGEM SIMPLES,POT=8675,04/06/2025,,CARRO DE OFICINA (CT),junho
05/06/2025 22:07:32,LAVAGEM SIMPLES,RII=5F82,05/06/2025,,CARRO DE OFICINA (CT),junho
05/06/2025 22:08:09,KIT CONSERVAÇÃO,RCU=5C42,05/06/2025,,CARRO DE OFICINA (CT),junho
05/06/2025 22:08:37,LAVAGEM SIMPLES,SAN=0I12,05/06/2025,,CARRO DE OFICINA (CT),junho
05/06/2025 22:09:12,KIT CONSERVAÇÃO,SBP=0G33,05/06/2025,,CARRO DE OFICINA (CT),junho
05/06/2025 22:09:55,LAVAGEM SIMPLES,SBB=3G94,05/06/2025,,CARRO DE OFICINA (CT),junho
05/06/2025 22:10:42,KIT CONSERVAÇÃO,SBH=8C62,05/06/2025,,CARRO DE OFICINA (CT),junho
05/06/2025 22:11:30,LAVAGEM SIMPLES,SBF=2C49,05/06/2025,,CARRO DE OFICINA (CT),junho
05/06/2025 22:12:09,LAVAGEM SIMPLES,TIC=4E71,05/06/2025,,CARRO DE OFICINA (CT),junho
05/06/2025 22:12:53,LAVAGEM SIMPLES,SBA=6B22,05/06/2025,,VEICULO USADO  (VU),junho
06/06/2025 18:11:10,LAVAGEM SIMPLES,115941,06/06/2025,,VEICULO NOVO  (VN),junho
06/06/2025 18:12:06,LAVAGEM SIMPLES,116241,06/06/2025,,VEICULO NOVO  (VN),junho
06/06/2025 18:12:50,LAVAGEM SIMPLES,SAW=0I16,06/06/2025,,CARRO DE OFICINA (CT),junho
06/06/2025 18:13:41,LAVAGEM SIMPLES,RIJ=3E70,06/06/2025,,CARRO DE OFICINA (CT),junho
06/06/2025 18:14:32,LAVAGEM SIMPLES,PNA=2462,06/06/2025,,CARRO DE OFICINA (CT),junho
06/06/2025 18:15:44,LAVAGEM SIMPLES,RIB=2F65,06/06/2025,,CARRO DE OFICINA (CT),junho
06/06/2025 18:16:20,LAVAGEM SIMPLES,PON=5J57,06/06/2025,,CARRO DE OFICINA (CT),junho
07/06/2025 11:23:18,LAVAGEM SIMPLES,XOO483,07/06/2025,,VEICULO NOVO  (VN),junho
07/06/2025 11:23:42,LAVAGEM SIMPLES,SBJ=7C45,07/06/2025,,CARRO DE OFICINA (CT),junho
09/06/2025 18:10:42,LAVAGEM SIMPLES,800581,09/06/2025,,VEICULO NOVO  (VN),junho
09/06/2025 18:11:03,LAVAGEM SIMPLES,SAR=8J93,09/06/2025,,CARRO DE OFICINA (CT),junho
09/06/2025 18:11:37,LAVAGEM SIMPLES,SBH=0H54,09/06/2025,,CARRO DE OFICINA (CT),junho
09/06/2025 18:12:07,LAVAGEM SIMPLES,THN=3F72,09/06/2025,,CARRO DE OFICINA (CT),junho
09/06/2025 18:12:53,VITRICAÇÃO,115855,09/06/2025,,VEICULO NOVO  (VN),junho
09/06/2025 18:13:23,LAVAGEM SIMPLES,SBU=0I15,09/06/2025,,CARRO DE OFICINA (CT),junho
09/06/2025 18:13:45,LAVAGEM SIMPLES,SBA=0D52,09/06/2025,,CARRO DE OFICINA (CT),junho
09/06/2025 18:14:29,LAVAGEM SIMPLES,THU=5A71,09/06/2025,,CARRO DE OFICINA (CT),junho
09/06/2025 18:15:14,"POLIMENTO, LAVAGEM ESPECIAL",SBR=5E14,09/06/2025,,CARRO DE OFICINA (CT),junho
11/06/2025 09:22:04,LAVAGEM SIMPLES,SBM=2H48,10/06/2025,,CARRO DE OFICINA (CT),junho
11/06/2025 09:22:32,KIT CONSERVAÇÃO,POT=7535,10/06/2025,,CARRO DE OFICINA (CT),junho
11/06/2025 09:23:03,LAVAGEM SIMPLES,SBB=7588,10/06/2025,,CARRO DE OFICINA (CT),junho
11/06/2025 09:24:12,VITRICAÇÃO,RIE=9F86,10/06/2025,,CARRO DE OFICINA (CT),junho
11/06/2025 18:29:03,LAVAGEM SIMPLES,RIB=9G04,11/06/2025,,CARRO DE OFICINA (CT),junho
11/06/2025 18:30:40,VITRICAÇÃO,106345,11/06/2025,,VEICULO NOVO  (VN),junho
11/06/2025 18:31:11,LAVAGEM SIMPLES,TIK=3C79,11/06/2025,,CARRO DE OFICINA (CT),junho
11/06/2025 18:32:07,LAVAGEM SIMPLES,1X00415,11/06/2025,,VEICULO NOVO  (VN),junho
11/06/2025 18:33:35,LAVAGEM DE BANCOS,SAN=5D34,11/06/2025,,CARRO DE OFICINA (CT),junho
11/06/2025 18:34:07,LAVAGEM SIMPLES,SBN=6G47,11/06/2025,,CARRO DE OFICINA (CT),junho
11/06/2025 18:34:29,LAVAGEM SIMPLES,PNX=0722,11/06/2025,,CARRO DE OFICINA (CT),junho
11/06/2025 18:34:55,LAVAGEM SIMPLES,1012250,11/06/2025,,VEICULO NOVO  (VN),junho
11/06/2025 19:37:12,LAVAGEM SIMPLES,POY=5F13,11/06/2025,,CARRO DE OFICINA (CT),junho
11/06/2025 19:37:38,KIT CONSERVAÇÃO,SAT=4H07,11/06/2025,,CARRO DE OFICINA (CT),junho
11/06/2025 19:38:15,MANUTENÇÃO DE VITRIFICAÇÃO,RII=6I12,11/06/2025,,CARRO DE OFICINA (CT),junho
11/06/2025 19:38:43,LAVAGEM SIMPLES,RUS=1H28,11/06/2025,,CARRO DE OFICINA (CT),junho
12/06/2025 18:10:18,LAVAGEM SIMPLES,SBD=3H29,12/06/2025,,CARRO DE OFICINA (CT),junho
12/06/2025 18:10:43,LAVAGEM SIMPLES,RIK=3G83,12/06/2025,,CARRO DE OFICINA (CT),junho
12/06/2025 18:11:14,KIT CONSERVAÇÃO,SBO=9A28,12/06/2025,,CARRO DE OFICINA (CT),junho
12/06/2025 18:12:01,LAVAGEM SIMPLES,106345,12/06/2025,,VEICULO NOVO  (VN),junho
12/06/2025 18:12:31,LAVAGEM SIMPLES,SSE=9C37,12/06/2025,,CARRO DE OFICINA (CT),junho
12/06/2025 18:13:03,LAVAGEM SIMPLES,TCF=7A21,12/06/2025,,CARRO DE OFICINA (CT),junho
12/06/2025 18:13:42,LAVAGEM SIMPLES,117077,12/06/2025,,VEICULO NOVO  (VN),junho
12/06/2025 18:14:29,VITRICAÇÃO,201287,12/06/2025,,VEICULO NOVO  (VN),junho
15/06/2025 09:45:41,LAVAGEM SIMPLES,247667,13/06/2025,,VEICULO NOVO  (VN),junho
15/06/2025 09:46:24,LAVAGEM SIMPLES,POB=9I34,13/06/2025,,CARRO DE OFICINA (CT),junho
15/06/2025 09:46:54,LAVAGEM SIMPLES,SAO=4G63,13/06/2025,,CARRO DE OFICINA (CT),junho
15/06/2025 09:47:23,LAVAGEM SIMPLES,TIK=3F11,13/06/2025,,CARRO DE OFICINA (CT),junho
15/06/2025 09:47:58,LAVAGEM SIMPLES,RIB=4F98,13/06/2025,,CARRO DE OFICINA (CT),junho
15/06/2025 09:48:27,LAVAGEM SIMPLES,800565,13/06/2025,,VEICULO NOVO  (VN),junho
15/06/2025 09:48:59,LAVAGEM SIMPLES,116241,13/06/2025,,VEICULO NOVO  (VN),junho
15/06/2025 09:49:49,LAVAGEM ESPECIAL,SBU=6D02,13/06/2025,,CARRO DE OFICINA (CT),junho
15/06/2025 09:50:48,LAVAGEM SIMPLES,SBT=9B30,13/06/2025,,CARRO DE OFICINA (CT),junho
15/06/2025 09:51:24,LAVAGEM SIMPLES,SBJ=7B83,13/06/2025,,CARRO DE OFICINA (CT),junho
15/06/2025 09:51:50,LAVAGEM SIMPLES,116895,13/06/2025,,VEICULO NOVO  (VN),junho
15/06/2025 09:52:16,LAVAGEM SIMPLES,815092,14/06/2025,,VEICULO NOVO  (VN),junho
15/06/2025 09:52:46,LAVAGEM SIMPLES,116676,14/06/2025,,VEICULO NOVO  (VN),junho
15/06/2025 09:53:14,LAVAGEM SIMPLES,SBF=7B12,14/06/2025,,CARRO DE OFICINA (CT),junho
16/06/2025 19:48:39,KIT CONSERVAÇÃO,SAN=5D34,16/06/2025,,CARRO DE OFICINA (CT),junho
16/06/2025 19:49:26,"VITRICAÇÃO, IMPERMEABILIZAÇÃO DE BANCOS, POLIMENTO",DII=5C32,16/06/2025,,CARRO DE OFICINA (CT),junho
16/06/2025 19:49:46,LAVAGEM SIMPLES,SAP=6F88,16/06/2025,,CARRO DE OFICINA (CT),junho
16/06/2025 19:50:36,LAVAGEM SIMPLES,SAP=5G92,16/06/2025,,CARRO DE OFICINA (CT),junho
16/06/2025 19:51:01,KIT CONSERVAÇÃO,SAP=6F88,16/06/2025,,CARRO DE OFICINA (CT),junho
16/06/2025 19:51:22,LAVAGEM SIMPLES,THY=0B61,16/06/2025,,CARRO DE OFICINA (CT),junho
16/06/2025 19:52:17,LAVAGEM SIMPLES,PNS=3E43,16/06/2025,,CARRO DE OFICINA (CT),junho
16/06/2025 19:52:51,LAVAGEM SIMPLES,SBT=6C22,16/06/2025,,CARRO DE OFICINA (CT),junho
20/06/2025 18:24:42,LAVAGEM SIMPLES,112830,20/06/2025,,VEICULO NOVO  (VN),junho
20/06/2025 18:25:35,LAVAGEM SIMPLES,SBD=8I52,20/06/2025,,CARRO DE OFICINA (CT),junho
20/06/2025 18:27:54,LAVAGEM SIMPLES,TIN=9F01,20/06/2025,,CARRO DE OFICINA (CT),junho
20/06/2025 18:28:27,LAVAGEM SIMPLES,SBI=4C68,20/06/2025,,CARRO DE OFICINA (CT),junho
20/06/2025 18:30:13,LAVAGEM SIMPLES,SBM=5E21,17/06/2025,,CARRO DE OFICINA (CT),junho
20/06/2025 18:31:04,LAVAGEM SIMPLES,116676,17/06/2025,,VEICULO NOVO  (VN),junho
20/06/2025 18:31:46,VITRICAÇÃO,116676,17/06/2025,,VEICULO NOVO  (VN),junho
20/06/2025 18:32:18,LAVAGEM SIMPLES,SAN=0B65,17/06/2025,,CARRO DE OFICINA (CT),junho
20/06/2025 18:32:40,LAVAGEM SIMPLES,SBG=3F52,17/06/2025,,CARRO DE OFICINA (CT),junho
20/06/2025 18:33:33,LAVAGEM SIMPLES,SBJ=4D89,17/06/2025,,CARRO DE OFICINA (CT),junho
20/06/2025 18:34:00,LAVAGEM SIMPLES,SBT=9B30,17/06/2025,,CARRO DE OFICINA (CT),junho
20/06/2025 18:34:28,LAVAGEM SIMPLES,RIG=3E23,17/06/2025,,CARRO DE OFICINA (CT),junho
20/06/2025 18:35:02,LAVAGEM SIMPLES,POW=0589,17/06/2025,,CARRO DE OFICINA (CT),junho
20/06/2025 18:35:35,LAVAGEM SIMPLES,112873,18/06/2025,,VEICULO NOVO  (VN),junho
20/06/2025 18:36:03,LAVAGEM SIMPLES,SAZ=0I86,18/06/2025,,CARRO DE OFICINA (CT),junho
20/06/2025 18:36:39,LAVAGEM SIMPLES,TIC=6A09,18/06/2025,,CARRO DE OFICINA (CT),junho
20/06/2025 18:37:04,LAVAGEM SIMPLES,SAP=2B39,18/06/2025,,CARRO DE OFICINA (CT),junho
24/06/2025 18:53:46,LAVAGEM SIMPLES,TIC=6A09,23/06/2025,,CARRO DE OFICINA (CT),junho
24/06/2025 18:54:11,LAVAGEM SIMPLES,POI=7700,23/06/2025,,CARRO DE OFICINA (CT),junho
24/06/2025 18:54:41,LAVAGEM SIMPLES,002364,23/06/2025,,VEICULO NOVO  (VN),junho
24/06/2025 18:55:22,LAVAGEM SIMPLES,RIL=2I73,23/06/2025,,CARRO DE OFICINA (CT),junho
24/06/2025 18:56:00,LAVAGEM SIMPLES,SBJ=3C78,23/06/2025,,CARRO DE OFICINA (CT),junho
24/06/2025 18:56:43,LAVAGEM SIMPLES,SAW=9C37,23/06/2025,,CARRO DE OFICINA (CT),junho
24/06/2025 18:57:08,LAVAGEM SIMPLES,002411,23/06/2025,,VEICULO NOVO  (VN),junho
24/06/2025 18:57:40,LAVAGEM SIMPLES,SAY=8H45,23/06/2025,,CARRO DE OFICINA (CT),junho
24/06/2025 18:57:57,LAVAGEM SIMPLES,001384,23/06/2025,,VEICULO NOVO  (VN),junho
24/06/2025 18:58:33,LAVAGEM SIMPLES,POJ=5078,24/06/2025,,CARRO DE OFICINA (CT),junho
24/06/2025 18:59:03,LAVAGEM SIMPLES,SAO=4G63,24/06/2025,,CARRO DE OFICINA (CT),junho
24/06/2025 18:59:37,KIT CONSERVAÇÃO,SBU=8A35,24/06/2025,,CARRO DE OFICINA (CT),junho
24/06/2025 19:00:06,LAVAGEM SIMPLES,SBJ=0C08,24/06/2025,,CARRO DE OFICINA (CT),junho
24/06/2025 19:00:52,LAVAGEM SIMPLES,SAN=2H52,24/06/2025,,CARRO DE OFICINA (CT),junho
24/06/2025 19:01:30,LAVAGEM SIMPLES,FXV=5I02,24/06/2025,,CARRO DE OFICINA (CT),junho
25/06/2025 18:18:00,LAVAGEM SIMPLES,TIJ=3J08,25/06/2025,,CARRO DE OFICINA (CT),junho
25/06/2025 18:18:29,LAVAGEM SIMPLES,TIK=1G51,25/06/2025,,CARRO DE OFICINA (CT),junho
25/06/2025 18:19:16,MANUTENÇÃO DE VITRIFICAÇÃO,SBB=0A73,25/06/2025,,VEICULO USADO  (VU),junho
25/06/2025 18:20:26,LAVAGEM SIMPLES,SBH=0E17,25/06/2025,,CARRO DE OFICINA (CT),junho
25/06/2025 18:21:10,LAVAGEM SIMPLES,RIA=3C50,25/06/2025,,CARRO DE OFICINA (CT),junho
25/06/2025 18:22:02,LAVAGEM SIMPLES,THW=9D42,25/06/2025,,CARRO DE OFICINA (CT),junho
25/06/2025 18:22:25,LAVAGEM SIMPLES,116794,25/06/2025,,VEICULO NOVO  (VN),junho
25/06/2025 18:23:01,LAVAGEM SIMPLES,012250,25/06/2025,,VEICULO NOVO  (VN),junho
25/06/2025 18:23:38,LAVAGEM SIMPLES,NMV=1242,25/06/2025,,CARRO DE OFICINA (CT),junho
25/06/2025 18:24:04,LAVAGEM SIMPLES,SBP=0A48,25/06/2025,,CARRO DE OFICINA (CT),junho
25/06/2025 18:27:52,LAVAGEM SIMPLES,SBK=1B85,25/06/2025,,CARRO DE OFICINA (CT),junho
27/06/2025 18:32:14,LAVAGEM SIMPLES,X00167,26/06/2025,,VEICULO NOVO  (VN),junho
27/06/2025 18:32:49,LAVAGEM SIMPLES,SBL=1J62,26/06/2025,,CARRO DE OFICINA (CT),junho
27/06/2025 18:33:34,LAVAGEM SIMPLES,SAV=8A24,26/06/2025,,CARRO DE OFICINA (CT),junho
27/06/2025 18:34:28,LAVAGEM SIMPLES,PMR=2I04,26/06/2025,,CARRO DE OFICINA (CT),junho
27/06/2025 18:35:15,LAVAGEM SIMPLES,SBC=0B29,26/06/2025,,CARRO DE OFICINA (CT),junho
27/06/2025 18:36:05,LAVAGEM SIMPLES,201406,27/06/2025,,VEICULO NOVO  (VN),junho
27/06/2025 18:36:34,LAVAGEM SIMPLES,TIK=8H62,27/06/2025,,VEICULO USADO  (VU),junho
27/06/2025 18:37:08,LAVAGEM SIMPLES,117481,27/06/2025,,VEICULO NOVO  (VN),junho
27/06/2025 18:37:51,LAVAGEM SIMPLES,SBI=2E95,27/06/2025,,CARRO DE OFICINA (CT),junho
27/06/2025 18:38:27,LAVAGEM SIMPLES,TIE=9J79,27/06/2025,,CARRO DE OFICINA (CT),junho
30/06/2025 18:09:55,LAVAGEM SIMPLES,SAN=0B65,30/06/2025,,CARRO DE OFICINA (CT),junho
30/06/2025 18:10:36,LAVAGEM SIMPLES,X00415,30/06/2025,,VEICULO NOVO  (VN),junho
30/06/2025 18:11:43,LAVAGEM SIMPLES,TIB=4H19,30/06/2025,,CARRO DE OFICINA (CT),junho
30/06/2025 18:12:42,LAVAGEM SIMPLES,SBQ=SB75,30/06/2025,,CARRO DE OFICINA (CT),junho
30/06/2025 18:13:22,LAVAGEM SIMPLES,TIF=1I51,30/06/2025,,CARRO DE OFICINA (CT),junho
30/06/2025 18:13:49,LAVAGEM SIMPLES,THW=8F32,30/06/2025,,CARRO DE OFICINA (CT),junho
30/06/2025 18:15:24,LAVAGEM SIMPLES,FQI=1682,30/06/2025,,CARRO DE OFICINA (CT),junho
30/06/2025 18:16:23,LAVAGEM SIMPLES,RQC=0A36,30/06/2025,,CARRO DE OFICINA (CT),junho
01/07/2025 18:16:54,LAVAGEM SIMPLES,SAO=5D08,01/07/2025,,CARRO DE OFICINA (CT),julho
01/07/2025 18:17:31,KIT CONSERVAÇÃO,SBK=9D07,01/07/2025,,CARRO DE OFICINA (CT),julho
01/07/2025 18:18:19,LAVAGEM SIMPLES,POJ=5078,01/07/2025,,CARRO DE OFICINA (CT),julho
01/07/2025 18:19:00,LAVAGEM SIMPLES,TIC=6A09,01/07/2025,,CARRO DE OFICINA (CT),julho
01/07/2025 18:20:06,LAVAGEM SIMPLES,TII=5D51,01/07/2025,,CARRO DE OFICINA (CT),julho
02/07/2025 18:19:08,LAVAGEM SIMPLES,SAS=8A74,02/07/2025,,CARRO DE OFICINA (CT),julho
02/07/2025 18:19:44,KIT CONSERVAÇÃO,RIF=0I04,02/07/2025,,CARRO DE OFICINA (CT),julho
02/07/2025 18:20:41,LAVAGEM SIMPLES,SBQ=2D45,02/07/2025,,CARRO DE OFICINA (CT),julho
02/07/2025 18:21:07,LAVAGEM SIMPLES,THP=5D69,02/07/2025,,CARRO DE OFICINA (CT),julho
02/07/2025 18:21:35,LAVAGEM SIMPLES,SAR=8J93,02/07/2025,,CARRO DE OFICINA (CT),julho
02/07/2025 18:22:05,LAVAGEM SIMPLES,SAW=9C02,02/07/2025,,CARRO DE OFICINA (CT),julho
02/07/2025 18:22:28,LAVAGEM SIMPLES,SAX=8D68,02/07/2025,,CARRO DE OFICINA (CT),julho
02/07/2025 18:23:00,LAVAGEM SIMPLES,SYU=7H82,02/07/2025,,CARRO DE OFICINA (CT),julho
02/07/2025 18:24:07,LAVAGEM SIMPLES,RIH=6A52,02/07/2025,,CARRO DE OFICINA (CT),julho
02/07/2025 18:24:52,LAVAGEM SIMPLES,SBM=8A45,02/07/2025,,CARRO DE OFICINA (CT),julho
02/07/2025 18:25:59,LAVAGEM SIMPLES,SBT=3H14,02/07/2025,,CARRO DE OFICINA (CT),julho
04/07/2025 08:30:15,LAVAGEM SIMPLES,004238,03/07/2025,,VEICULO NOVO  (VN),julho
04/07/2025 08:30:40,LAVAGEM SIMPLES,002022,03/07/2025,,VEICULO NOVO  (VN),julho
04/07/2025 08:31:11,KIT CONSERVAÇÃO,SBT=3H14,03/07/2025,,CARRO DE OFICINA (CT),julho
04/07/2025 08:31:59,LAVAGEM SIMPLES,002302,03/07/2025,,VEICULO NOVO  (VN),julho
04/07/2025 08:32:51,LAVAGEM SIMPLES,001384,03/07/2025,,VEICULO NOVO  (VN),julho
04/07/2025 08:33:16,LAVAGEM SIMPLES,POJ=5938,03/07/2025,,CARRO DE OFICINA (CT),julho
04/07/2025 08:34:00,KIT CONSERVAÇÃO,LTV=8F26,03/07/2025,,CARRO DE OFICINA (CT),julho
04/07/2025 08:34:57,LAVAGEM SIMPLES,SBF=0I65,03/07/2025,,CARRO DE OFICINA (CT),julho
04/07/2025 08:35:33,LAVAGEM SIMPLES,THN=1F41,03/07/2025,,CARRO DE OFICINA (CT),julho
04/07/2025 18:27:36,MANUTENÇÃO DE VITRIFICAÇÃO,SBE=0J73,04/07/2025,,CARRO DE OFICINA (CT),julho
04/07/2025 18:28:05,LAVAGEM SIMPLES,SAU=4B80,04/07/2025,,CARRO DE OFICINA (CT),julho